{"type": "FeatureCollection", "features": [{"type": "Feature", "properties": {}, "geometry": {"type": "Polygon", "coordinates": [[[85.46997093093552, 28.353451953255217], [85.4690979892992, 28.353605585434536], [85.4685041704605, 28.35368645223633], [85.46830427576094, 28.353729730314342], [85.46752241928021, 28.353872618470973], [85.46743348549103, 28.353891514964573], [85.46666883805426, 28.354098108873643], [85.4658042987453, 28.35428528443225], [85.46493135029294, 28.354438916593836], [85.46405172501187, 28.354558704635565], [85.46316702912537, 28.35464443394187], [85.46227894727429, 28.35469594126738], [85.46138917055674, 28.354713128531614], [85.45805527388796, 28.354713128531614], [85.45716549717025, 28.35469594126738], [85.45627741531933, 28.35464443394187], [85.45539271943284, 28.354558704635565], [85.45451309415176, 28.354438916593836], [85.45363946240457, 28.354292336110063], [85.45344835173313, 28.35428093571943], [85.45256865892742, 28.354161139540906], [85.45169571274715, 28.354007507373296], [85.45117849255854, 28.35388930557241], [85.45083103239529, 28.35382114600378], [85.4503068353506, 28.353729730314342], [85.4494423005417, 28.35354255474101], [85.44868171888947, 28.353341785110217], [85.44794052799983, 28.353447603218797], [85.44705578258777, 28.353533334812028], [85.44616765102285, 28.35358483989006], [85.44527782472045, 28.353602020363667], [85.44472217527971, 28.353602020363667], [85.44383234897742, 28.35358483989006], [85.44294421741233, 28.353533334812028], [85.44249999941928, 28.353490290207674], [85.44205575920597, 28.353533336621922], [85.44116761584962, 28.35358484124879], [85.44027777777791, 28.353602020363667], [85.43938793970642, 28.35358484124879], [85.4384997963499, 28.353533336621922], [85.43761503919131, 28.353447604574], [85.43673535325428, 28.353327808381664], [85.43586241388988, 28.353174176196262], [85.43499788358105, 28.35298700060838], [85.43414340877172, 28.35276663809026], [85.43330061672759, 28.352513508315326], [85.43279576998805, 28.35233910536158], [85.43194236924955, 28.35215366940929], [85.43108790111154, 28.35193330686542], [85.43024984969497, 28.351667853425738], [85.4294137091494, 28.351398581023318], [85.42858039505307, 28.3511208039331], [85.4277489917929, 28.35083920787872], [85.4269343654862, 28.35052205123378], [85.42613615764293, 28.350173756958043], [85.42535588821926, 28.34979498834582], [85.42459504296386, 28.349386466720432], [85.42385507058447, 28.348948970057336], [85.42313737998916, 28.348483331501882], [85.42301994945063, 28.348396018859262], [85.42289418455101, 28.34831061942191], [85.42285007325893, 28.348280326327085], [85.42225150960326, 28.348174189132237], [85.42160679141648, 28.348034597446997], [85.42133243046385, 28.34802930038518], [85.4204443333324, 28.34797779571852], [85.41955962222198, 28.34789206360398], [85.41867998206857, 28.347772267318533], [85.41780708813593, 28.347618635013816], [85.41694260282026, 28.347431459280585], [85.41608817247953, 28.34721109659108], [85.41524542429488, 28.34695796661913], [85.4144159631656, 28.346672551439838], [85.41360136865092, 28.346355394609418], [85.41280319195744, 28.346007100129953], [85.41202295298251, 28.34562833129604], [85.41126213741569, 28.34521980943117], [85.41052219390889, 28.344782312511597], [85.4098282190862, 28.34433204294686], [85.40914390359166, 28.34415554876597], [85.40830117952402, 28.3439024186859], [85.40747174213095, 28.343617003384168], [85.40665717092634, 28.343299846418063], [85.40585901707203, 28.342951551789213], [85.40530189773722, 28.342677046330323], [85.40508038876357, 28.342569511016507], [85.40492179728051, 28.342488477106258], [85.40452327139866, 28.342295005656013], [85.40376247957818, 28.341886483599467], [85.4030225591651, 28.341448986474347], [85.40230491896767, 28.340983347426516], [85.40161092531258, 28.340490453182724], [85.4009418994413, 28.339971242359923], [85.40029911499425, 28.33942670367611], [85.39968379558519, 28.338857874064786], [85.39909711247151, 28.33826583669861], [85.39854018232523, 28.337651718925088], [85.39801406510861, 28.337016690116684], [85.39751976205679, 28.33636195944331], [85.39705821377504, 28.33568877356703], [85.39682634750773, 28.335314701817595], [85.3966254803995, 28.335072248706524], [85.39613118633821, 28.334417517851364], [85.39566964644996, 28.33374433178784], [85.39524173890533, 28.33305397229526], [85.39484827778955, 28.332347753826696], [85.39457120678554, 28.33179189538191], [85.39448940109003, 28.331627324458054], [85.3942123317737, 28.331071466042772], [85.3938899434948, 28.330337591041484], [85.39360404436269, 28.329591971142463], [85.39335557609593, 28.328835873228968], [85.39332984355235, 28.32875769195647], [85.39307755380469, 28.32800269318949], [85.39286619470613, 28.327237861702145], [85.39269274258663, 28.32646560013029], [85.39255752682982, 28.325687378660632], [85.39246080400841, 28.324904678793928], [85.39240275740264, 28.324118990524255], [85.39238349665732, 28.323331809502747], [85.39238360268274, 28.322776253982397], [85.3924065635959, 28.32198882741102], [85.39240658103154, 28.32189702117921], [85.39238392074031, 28.321109587421404], [85.39240348124213, 28.320322411850782], [85.39246182451353, 28.319536740404487], [85.39255883864479, 28.31875406860354], [85.3926943381274, 28.317975886227032], [85.39277423204288, 28.31762075809513], [85.39264011170951, 28.31731541197894], [85.3922483761578, 28.317122000956772], [85.39202725999758, 28.31701404122282], [85.39186999062798, 28.316933663366115], [85.39147015522673, 28.31673950906088], [85.39070954532792, 28.316330985536524], [85.38996980183464, 28.31589348683741], [85.38925233321856, 28.3154278461123], [85.38855850547912, 28.314934950090674], [85.38798907530656, 28.314495857257498], [85.38743841394688, 28.314038402986057], [85.38724955435117, 28.313869437572123], [85.38691448942996, 28.313671269476174], [85.38619703572317, 28.313205628605203], [85.38550322240104, 28.312712732429247], [85.38493383001412, 28.312273660232677], [85.38438320427463, 28.31181622826483], [85.38385210044771, 28.311341064162093], [85.38334124698349, 28.310848819882267], [85.38306347781918, 28.310571011538514], [85.3827123254386, 28.310210329896222], [85.38215554138702, 28.309596209672407], [85.38162956216524, 28.308961178326342], [85.38113538874626, 28.308306445031747], [85.38067396148881, 28.307633256455404], [85.38057807293836, 28.307474286765853], [85.38052530661179, 28.307393366468943], [85.38044090518281, 28.30726257487663], [85.38024097701935, 28.307016736914022], [85.37974681257788, 28.30636200343787], [85.37928539370182, 28.305688814674625], [85.37885759833222, 28.304998452408086], [85.3784642403412, 28.30429223109678], [85.37810606798581, 28.30357149536877], [85.37778376248866, 28.302837617460682], [85.37762318626079, 28.302418728300495], [85.37743528711496, 28.30227382271306], [85.3772381621506, 28.30211005154007], [85.37682213652829, 28.301886573572915], [85.37638420006624, 28.30163083479431], [85.37558491088691, 28.30128498345283], [85.37480499831537, 28.300906212240022], [85.37404450100917, 28.300497687806512], [85.37330486701319, 28.300060188132875], [85.37258750459023, 28.29959454636918], [85.37189377953752, 28.29910164924661], [85.37132470199134, 28.29866277025883], [85.37077437213077, 28.298205547084535], [85.37024354416144, 28.297730606530934], [85.36973294552536, 28.297238599685386], [85.36945517634683, 28.296960791357037], [85.3691032022133, 28.29659924242634], [85.36854648896372, 28.295985121014496], [85.36847594711975, 28.295899942620338], [85.36808539984042, 28.295729441000788], [85.36730552776362, 28.295350669492564], [85.3665450699421, 28.29494214474022], [85.36580547434505, 28.294504644724668], [85.36508814916237, 28.294039002596605], [85.36439446012031, 28.29354610508784], [85.36382551101241, 28.293107304930402], [85.36327530185667, 28.29265016694336], [85.3627445864272, 28.292175317595934], [85.36223409175489, 28.2916834076201], [85.36195635910326, 28.291405635836043], [85.36140085726583, 28.290850055730573], [85.36104853872666, 28.290488141927256], [85.36049185724977, 28.289874019982165], [85.3599659749155, 28.28923898685298], [85.35947189251294, 28.288584251716657], [85.35901055022782, 28.287911061243506], [85.35858282585599, 28.287220697220278], [85.35818953313458, 28.286514474108458], [85.35783142019687, 28.28579373653946], [85.35750916815317, 28.285059856753207], [85.35722338979684, 28.284314231982762], [85.356974628444, 28.283558281794228], [85.35676335690414, 28.282793445381913], [85.35658997658533, 28.28202117882722], [85.35645481673617, 28.28124295232584], [85.35635813382504, 28.280460247387794], [85.35630011105769, 28.279674554017163], [85.35628085803575, 28.278887367874233], [85.35629120748007, 28.278470701325887], [85.35628101671057, 28.27805403459365], [85.35628128115383, 28.27666514579255], [85.35630083325208, 28.275877965090217], [85.35635915201163, 28.275092288511132], [85.35639097373911, 28.27483545425946], [85.35635711717765, 28.274794564919944], [85.3558631013766, 28.274139828435523], [85.35560902860647, 28.273769034813938], [85.35497444729668, 28.27339357975984], [85.35425726353043, 28.272927936247697], [85.35356371123538, 28.272435037271975], [85.3529952634367, 28.271996547401955], [85.35244552530912, 28.271539744713323], [85.35191524893412, 28.271065254344705], [85.3514051597316, 28.270573725632403], [85.35057185210962, 28.269740300738363], [85.35021828493689, 28.26937706746429], [85.34966171314329, 28.268762943677473], [85.3491359344111, 28.268127908640622], [85.34864194933266, 28.267473171533993], [85.3481806979089, 28.26679997903136], [85.34775305776253, 28.26610961292289], [85.3473598424714, 28.265403387673928], [85.34700180002221, 28.264682647919813], [85.34692713240383, 28.264512569844328], [85.34680447852617, 28.264292277861273], [85.34644643978459, 28.26357153799205], [85.3461242544891, 28.262837655859016], [85.34583853530671, 28.262092028699556], [85.34558982544178, 28.261336076084035], [85.34537859760655, 28.260571237211252], [85.34520525312678, 28.25979896816699], [85.34507012118365, 28.259020739151538], [85.34497345819335, 28.258238031680037], [85.34495362408245, 28.25796939960418], [85.3449278395982, 28.257854524733887], [85.34482225866418, 28.25723814949731], [85.34479017617247, 28.257076864248347], [85.34465032197636, 28.25646563656744], [85.34456068875761, 28.255949419874582], [85.34446360189838, 28.25585231936293], [85.34410919802394, 28.255488202676474], [85.34355269832554, 28.254874077678494], [85.34302698769159, 28.254239041386825], [85.34271783715229, 28.25382358688279], [85.34266968686194, 28.253765405879165], [85.34216406089149, 28.25320741375799], [85.34163835842611, 28.252572377315914], [85.34114444499278, 28.25191763875813], [85.34068326045633, 28.251244444760687], [85.34025568231277, 28.25055407711642], [85.33986252402195, 28.249847850293406], [85.33958553949793, 28.249291948928658], [85.33950383611045, 28.24912745530139], [85.33922685326735, 28.248571553965803], [85.33890471298383, 28.24783767024934], [85.33861903370575, 28.24709204147797], [85.33837035856197, 28.246336087225018], [85.33815916019921, 28.245571246692066], [85.3379858398875, 28.24479897596808], [85.33785072676307, 28.244020745256535], [85.33775407720645, 28.243238036075525], [85.33769607436193, 28.242452338436635], [85.33767682779478, 28.24166514800828], [85.33767688058634, 28.241387370248162], [85.33768377768985, 28.241109592183648], [85.33767698616708, 28.240831814727812], [85.33769653150364, 28.2400446298916], [85.33775483054143, 28.23925894917818], [85.33785177145842, 28.238476268126306], [85.33795532466195, 28.237881100017944], [85.33795545014664, 28.23722070384514], [85.33797499480266, 28.23643351859272], [85.3380332918548, 28.23564783746275], [85.33813022948556, 28.234865155995237], [85.33826562233503, 28.234086963988034], [85.33843921186156, 28.23331474266189], [85.33865066683956, 28.23254996184113], [85.33889958399561, 28.231794077157588], [85.33909715738082, 28.231278867829758], [85.33920652819756, 28.230883294134003], [85.33945544147673, 28.23012740926356], [85.33974134181227, 28.22938185920208], [85.33994422360206, 28.228920009125147], [85.33948156257912, 28.228306562208218], [85.33902047946646, 28.227633365942722], [85.33859299533964, 28.226942995968557], [85.338514341755, 28.226800359599565], [85.33827919235921, 28.226540791017783], [85.33775362049516, 28.225905752168217], [85.33725982974909, 28.225251011123703], [85.3367987597527, 28.224577814564952], [85.33637128778446, 28.223887444289346], [85.33597822710283, 28.22318121476934], [85.33562032540112, 28.22246047064789], [85.33529826338923, 28.22172658417645], [85.335012653501, 28.2209809526006], [85.33476403873397, 28.22022499549837], [85.33455289162083, 28.219460152076863], [85.33437961333561, 28.218687878430387], [85.33424453293469, 28.217909644767644], [85.33414790673822, 28.217126932612302], [85.33408991784671, 28.216341231981517], [85.33407067579998, 28.21555403854927], [85.3340902163743, 28.214766850799094], [85.33414850152133, 28.213981167171255], [85.3341945104051, 28.213609611390837], [85.33414864201268, 28.21323804486218], [85.33409065519766, 28.212452343785856], [85.3340714138235, 28.211665149906537], [85.33407188200044, 28.209197715439643], [85.33390375468036, 28.208758740780922], [85.33365542699221, 28.208002683208974], [85.33362969700283, 28.207924422905307], [85.33337780096815, 28.207169350861648], [85.33335207099674, 28.207091090015354], [85.33309991800866, 28.20633611691568], [85.33291683433868, 28.205687886350972], [85.33248557868313, 28.204998579357436], [85.3320925870604, 28.204292347928003], [85.33181565015644, 28.203736422958116], [85.33173400303019, 28.2035719718304], [85.33145706780311, 28.203016046889616], [85.3311350640106, 28.20228215836778], [85.33084950573505, 28.201536524704522], [85.33061563664421, 28.200788056258034], [85.33056940609521, 28.200674861913114], [85.33034644342433, 28.200238272066315], [85.33002446578638, 28.19950437220632], [85.3299928093711, 28.199440619688914], [85.32959599563401, 28.198734948850188], [85.32957870390209, 28.19870691091768], [85.32948631977399, 28.198584383465345], [85.32902536416094, 28.19791118434682], [85.3285979982229, 28.197220811441298], [85.32820503501677, 28.196514579226005], [85.32792810623357, 28.195958650232683], [85.32784646869663, 28.195794206347898], [85.32777150404706, 28.1956280515426], [85.32765042450421, 28.19540309503816], [85.32756852737549, 28.19523878088279], [85.3274919373805, 28.195073463374285], [85.3273868749057, 28.194874222833448], [85.32737016889081, 28.194849998126926], [85.32717360259744, 28.194654974815137], [85.3266174180718, 28.194040844516678], [85.32609200513679, 28.193405802734844], [85.32559836368893, 28.192751058662054], [85.32513743307629, 28.192077858983623], [85.32471009031298, 28.191387485503128], [85.32431714841192, 28.190681252698425], [85.32395935484152, 28.189960505218266], [85.32363739010646, 28.18922661532008], [85.32335186645656, 28.188480980255804], [85.32310332672643, 28.1877250196099], [85.32289224330691, 28.186960172595548], [85.32271901725204, 28.186187895313765], [85.32258397752065, 28.185409657980188], [85.32251443658288, 28.184846175657356], [85.32244155051342, 28.184521229512654], [85.32230651286568, 28.183742991990982], [85.32220991718862, 28.182960275946243], [85.32215194652656, 28.182174571403266], [85.32213271038552, 28.18138737404331], [85.32214649646431, 28.1808318193701], [85.322132920895, 28.18027626300244], [85.32213297352064, 28.17999848524221], [85.32215250740643, 28.179211293396293], [85.32221077304536, 28.178425605671805], [85.32229114956573, 28.1777762860778], [85.32221101811314, 28.17712694431964], [85.32215305056008, 28.176341239109036], [85.32213381542641, 28.175554041078726], [85.32213407848263, 28.174165152277624], [85.32215361127243, 28.173377959760046], [85.32217763095468, 28.173054046360846], [85.32215373384389, 28.17273012864115], [85.32213449933357, 28.171942930195883], [85.32213455193664, 28.17166515243565], [85.32214829634262, 28.171341098561072], [85.32214838398238, 28.17087809890961], [85.32213476234114, 28.17055404139478], [85.32213486753875, 28.16999848587443], [85.32214550215656, 28.16956988186314], [85.32199562107854, 28.169113922298095], [85.32178457408548, 28.168349073227603], [85.32161137790115, 28.16757679386535], [85.32147636142832, 28.166798554431068], [85.32137978086718, 28.166015836458826], [85.32132181923362, 28.165230129976578], [85.32130258601774, 28.164442930669736], [85.32132211698143, 28.16365573703291], [85.32138037409663, 28.162870047517117], [85.32147724562469, 28.162087357678672], [85.32161254633502, 28.161309157331516], [85.32178601786444, 28.160536927712258], [85.32199732921435, 28.159772138661992], [85.32224607738829, 28.159016245828525], [85.32253178816279, 28.158270687897414], [85.3228539169973, 28.157536883854448], [85.32321185007464, 28.156816230286893], [85.32360490547529, 28.156110098726003], [85.32403233447877, 28.155419833039105], [85.3244933229933, 28.154746746873286], [85.32498699310952, 28.154092121157476], [85.32551240477301, 28.15345720166613], [85.32606855757808, 28.152843196650906], [85.32665439267282, 28.152251274543517], [85.32726879477639, 28.15168256173331], [85.32791059430264, 28.151138140427406], [85.32857856958765, 28.150619046592283], [85.3292714492137, 28.15012626798506], [85.32998791442958, 28.14966074227567], [85.33072660165863, 28.14922335526569], [85.33148610509375, 28.148814939203476], [85.33226497936954, 28.148436271203423], [85.33306174231137, 28.148088071769337], [85.3338748777532, 28.147771003424225], [85.33470283842018, 28.147485669452863], [85.33554404886848, 28.147232612754237], [85.3363969084806, 28.147012314810468], [85.33725979450651, 28.146825194772077], [85.33813106514776, 28.146671608661848], [85.33900906267576, 28.146551848697584], [85.33989211658309, 28.146466142738063], [85.3407785467561, 28.146414653849035], [85.3416666666667, 28.146397479994334], [85.34255478657747, 28.146414653849035], [85.34344121675025, 28.146466142738063], [85.34432427065775, 28.146551848697584], [85.3452022681858, 28.146671608661848], [85.34607353882683, 28.146825194772077], [85.34693642485297, 28.147012314810468], [85.34778928446502, 28.147232612754237], [85.34863049491338, 28.147485669452863], [85.34945845558013, 28.147771003424225], [85.35027159102214, 28.148088071769337], [85.35106835396397, 28.148436271203423], [85.35184722823965, 28.148814939203476], [85.35260673167471, 28.14922335526569], [85.35334541890398, 28.14966074227567], [85.35406188411963, 28.15012626798506], [85.35475476374586, 28.150619046592283], [85.3553210494124, 28.151056128029666], [85.35586877138223, 28.151511416876303], [85.35639718476, 28.15198429414056], [85.3569055708731, 28.15247411691047], [85.35773892947105, 28.153307358958443], [85.35809822986243, 28.15367653136525], [85.35865438697715, 28.154290536303506], [85.35917980271239, 28.154925455715272], [85.35967347665468, 28.155580081349513], [85.3601344687429, 28.156253167431316], [85.36056190106018, 28.156943433032268], [85.36095495950889, 28.15764956450522], [85.36131289536263, 28.158370217983418], [85.36138578620444, 28.15853626078092], [85.36151070562948, 28.158760676796476], [85.36186864518515, 28.159481330155472], [85.36219077985129, 28.160215133986355], [85.36247649579997, 28.16096069170237], [85.36272524848033, 28.161716584318413], [85.36293656366092, 28.16248137314892], [85.3631100383372, 28.16325360254666], [85.36324534150475, 28.164031802671275], [85.3633422147957, 28.16481449228644], [85.36340047297602, 28.165600181578213], [85.36342000430471, 28.166387374991245], [85.363420109483, 28.166942930511937], [85.3634008758358, 28.167730129531492], [85.36334291287068, 28.16851583572759], [85.36324633008002, 28.169298553415615], [85.36317308269838, 28.16972074383881], [85.36324648859272, 28.170142915505892], [85.36334336742533, 28.17092560441847], [85.36340162895374, 28.17171129300681], [85.36342116143032, 28.172498485716233], [85.36340192682422, 28.17328568409772], [85.36334396089939, 28.17407138965808], [85.36324737418937, 28.17485962288697], [85.36334425834127, 28.175647827429714], [85.36340252245748, 28.176433515474116], [85.36341675339122, 28.177007020357678], [85.36347121784496, 28.177086527241613], [85.36389873305666, 28.177776790693315], [85.36429186774785, 28.17848291997143], [85.36455225132903, 28.179007062355822], [85.36456898543167, 28.17903885142357], [85.36465062869593, 28.179203195820662], [85.36492774806106, 28.1797591273002], [85.36524994357865, 28.180492928919307], [85.3655357135168, 28.18123848439251], [85.36557448021563, 28.181356263364307], [85.36569416923737, 28.18153097733631], [85.36612170214443, 28.182221240329056], [85.36651485311148, 28.18292736913901], [85.36673838403647, 28.183377309579157], [85.36680559941283, 28.183475424252663], [85.36723314006298, 28.184165687045038], [85.36762629815183, 28.184871815649842], [85.36798432476269, 28.185592466206515], [85.36830653779708, 28.186326267189145], [85.36859232327697, 28.187071822017003], [85.36862344349305, 28.18716636461636], [85.36873783864917, 28.187371818307213], [85.36909587360145, 28.188092468595244], [85.36924167688056, 28.18842450996226], [85.36940097839192, 28.188635682252936], [85.36986211235228, 28.189308765003034], [85.37028967623633, 28.18999902719321], [85.37068285569472, 28.190705155183423], [85.37104090177019, 28.19142580511351], [85.37136313232674, 28.19215960545972], [85.37164675303285, 28.19290624292728], [85.37187457565528, 28.193370251416184], [85.37219681205374, 28.194104051550084], [85.37248261826284, 28.194849605517277], [85.37273144955907, 28.195605494339702], [85.37294283155967, 28.196370279339874], [85.3731163611319, 28.197142504877604], [85.37325170716565, 28.197920701120154], [85.37331587917947, 28.19846156033816], [85.37354221551476, 28.198925812281004], [85.3738644686074, 28.19965961180867], [85.37415028962846, 28.200405165161044], [85.37439913382548, 28.20116105336126], [85.37461052679134, 28.201925837733086], [85.37478406537201, 28.20269806263775], [85.37491941843996, 28.203476258243654], [85.37501632753049, 28.204258943323225], [85.37507460733974, 28.20504462807179], [85.37509414608405, 28.205831816942123], [85.37508396204504, 28.206248483675267], [85.3750943041722, 28.20666515022276], [85.37509456766753, 28.208054039023864], [85.3750773125152, 28.208828673449602], [85.37516741991976, 28.209148063644818], [85.37534097021529, 28.209920287726447], [85.37537209732227, 28.210099236866938], [85.37608398892837, 28.210811028592218], [85.37643990908111, 28.211176626720032], [85.37699636399168, 28.2117906263436], [85.37752206109707, 28.21242554026844], [85.37801599944703, 28.21308016025472], [85.37847723847625, 28.213753240539234], [85.3789048997968, 28.214443500205334], [85.3792981688735, 28.215149625618267], [85.37965629657788, 28.215870272923098], [85.37973035560452, 28.216038884963496], [85.37985391555736, 28.216260737911284], [85.38021204697452, 28.216981385096574], [85.38053435435654, 28.217715182653137], [85.38082022354496, 28.218460734006612], [85.3810691096952, 28.219216620184227], [85.38128053831952, 28.21998140251361], [85.38145410619529, 28.220753625360373], [85.38158948213868, 28.221531818896437], [85.38168640764042, 28.22231450189861], [85.38174469736492, 28.223100184565965], [85.38176423950847, 28.223887371355488], [85.38176434499763, 28.224442926875838], [85.38174510141255, 28.225230119285754], [85.38172119212487, 28.225554043051602], [85.38174522431694, 28.22587796248814], [85.38176476698379, 28.22666514895758], [85.38174552301416, 28.2274523411117], [85.38168752818763, 28.228238040469535], [85.38159089205442, 28.22902075135943], [85.38148754964277, 28.229616071825433], [85.3814875695158, 28.229720704319902], [85.38146832501718, 28.230507896122504], [85.38141032855765, 28.23129359513024], [85.38131368969096, 28.23207630567208], [85.38117859154119, 28.23285453773383], [85.38110595404731, 28.233178228198994], [85.38103622581383, 28.233742971660604], [85.38090112557506, 28.23452120353403], [85.38072782181246, 28.235293475408582], [85.38051664363047, 28.236058317078744], [85.38030896857646, 28.236689695358223], [85.38051982526946, 28.236969081956488], [85.38098116710688, 28.237642159830273], [85.38140892376776, 28.238332417028516], [85.38180228053466, 28.239038539921296], [85.38216048811131, 28.239759184658794], [85.38243799552072, 28.240390849563028], [85.38264833662026, 28.240697719275772], [85.38274447014703, 28.240856861055306], [85.38320402932953, 28.241531053670144], [85.3836318015218, 28.24222131046639], [85.38402517257413, 28.242927432948818], [85.38438339316264, 28.243648077268347], [85.38470578081785, 28.244381871912026], [85.38499172122732, 28.245127420311803], [85.38524066941045, 28.245883303500705], [85.38545215076005, 28.246648082812214], [85.38562576195233, 28.247420302617684], [85.38576117171948, 28.2481984930954], [85.38578942112497, 28.248426551844545], [85.38616273021222, 28.248736682112508], [85.38669310032043, 28.249211143453124], [85.38720329472699, 28.24970264858962], [85.38775886733072, 28.250258143070425], [85.38811231520077, 28.250621136650864], [85.38866897490527, 28.2512351326244], [85.38919486550816, 28.251870042781206], [85.38968898569095, 28.25252465888866], [85.39015039454091, 28.253197735191975], [85.39057821334654, 28.253887990782232], [85.39097162727182, 28.254594112033317], [85.39123326333629, 28.255122168527123], [85.39125045791928, 28.25514852157363], [85.39144633643053, 28.255343366717057], [85.39200302068036, 28.25595736225341], [85.39252893447463, 28.256592271958652], [85.39302307645067, 28.257246887601582], [85.3934845056545, 28.25791996342798], [85.39391234333539, 28.258610218530293], [85.39430577462116, 28.259316339282748], [85.39456811932337, 28.259844024770928], [85.39458297760098, 28.259872228814856], [85.3946647208237, 28.260036648367475], [85.39487358802114, 28.260455083269676], [85.39496805565966, 28.260580225517003], [85.39542949923367, 28.261253301006718], [85.39585735024093, 28.261943555764447], [85.39625079378374, 28.262649676164983], [85.39660908040065, 28.263370318363684], [85.39693152749527, 28.264104110852145], [85.39721752064145, 28.264849657066236], [85.39746651475741, 28.265605538043644], [85.39767803514815, 28.26637031512189], [85.3978516784145, 28.26714253267687], [85.39798711322697, 28.267920720891368], [85.39808408096269, 28.26870339855219], [85.39814239620353, 28.26948907586865], [85.39816194709528, 28.270276257308296], [85.39816122025644, 28.27065664727462], [85.39835859982833, 28.270772112720692], [85.39870972320739, 28.270999994852502], [85.39935885003877, 28.271315217280744], [85.40011922071204, 28.271723625726167], [85.40085875146121, 28.272161004587815], [85.40127999522502, 28.272434391855654], [85.40150819482926, 28.272556960902136], [85.40224773133491, 28.27299433970819], [85.40296502033254, 28.27345985669581], [85.40365869667949, 28.273952626082178], [85.40408087324147, 28.274287233327016], [85.40422558479338, 28.274394575196084], [85.4047699097635, 28.274785961081022], [85.4051920824262, 28.27512056645469], [85.40533682991486, 28.275227934166878], [85.40588112285184, 28.275619296080095], [85.40623110205638, 28.275889855384094], [85.40697031753541, 28.276327680189866], [85.40768762886984, 28.276793196941412], [85.40838132681978, 28.27728596607801], [85.40895053845634, 28.277724845276055], [85.40950101070973, 28.278182076710834], [85.41003198887358, 28.278657033709862], [85.41054274493041, 28.279149065298327], [85.41165389026435, 28.280260054126188], [85.41200557708822, 28.280621186497342], [85.41256239282876, 28.281235179692658], [85.41308843086125, 28.281870086981144], [85.41358268958567, 28.28252470013615], [85.41404422782529, 28.283197773409142], [85.41447216662169, 28.283888025897227], [85.41486569090972, 28.284594143980314], [85.41522405107293, 28.28531478381825], [85.41554656437489, 28.286048573907408], [85.41583261626266, 28.28679411768843], [85.41590882392649, 28.28702541593225], [85.4161381675616, 28.287161036758846], [85.41685555151702, 28.287626552743006], [85.41754931970212, 28.288119321068507], [85.41811881607987, 28.28855838128709], [85.4186695556678, 28.289015808349745], [85.41920078278042, 28.289490974807734], [85.41971176846818, 28.289983228870824], [85.42030672895703, 28.290578105504835], [85.42046701700491, 28.29068211463681], [85.42116080500728, 28.291174882733344], [85.42173031754055, 28.29161394265833], [85.4222810727573, 28.292071369411474], [85.42281231495065, 28.292546535545114], [85.42332331515047, 28.293038789269872], [85.42360110149838, 28.293316536461703], [85.42395192669835, 28.293676763756082], [85.42417585490841, 28.293923655739718], [85.4242127137328, 28.293956282281385], [85.42478629126691, 28.29439177634083], [85.42533711962585, 28.294849257507963], [85.42586842988936, 28.295324481902696], [85.42637949282994, 28.295816797508962], [85.42721285188316, 28.296650039073768], [85.42756352443922, 28.29701010263176], [85.42812042552322, 28.297624094308446], [85.42864654419168, 28.298259000029134], [85.4291408786907, 28.29891361157064], [85.4296024876997, 28.299586683187044], [85.43003049212467, 28.300276933979433], [85.43042407677507, 28.300983050330956], [85.43068743553738, 28.3015125657667], [85.43070132383929, 28.30153891817173], [85.43078311879003, 28.30170337662446], [85.43106036754585, 28.30225924449286], [85.43138293202111, 28.302993032728523], [85.43166902931148, 28.30373857462996], [85.43181711486403, 28.304187957310035], [85.431975641164, 28.304443605527126], [85.43236924116889, 28.305149721438283], [85.43272767029879, 28.30587035906393], [85.43305024568531, 28.306604146904363], [85.43333635265685, 28.30734968840528], [85.43358544591308, 28.3081055646133], [85.43379705056884, 28.308870336875884], [85.4339707630628, 28.30964254957786], [85.43410625193235, 28.31042073291178], [85.43420325844949, 28.31120340567395], [85.43426159712061, 28.31198907808306], [85.4342720721333, 28.312410659750753], [85.43500011896413, 28.31256829195138], [85.4358542958102, 28.312788584313125], [85.43669680554041, 28.313041634603564], [85.43752604506955, 28.31332696135439], [85.43834043652515, 28.31364402168174], [85.43913843024569, 28.313992212318567], [85.43991850772704, 28.314370870760058], [85.44024522941658, 28.314546072167218], [85.44102967182823, 28.31492642758002], [85.4417038804649, 28.315288406866216], [85.44179194636007, 28.315331180550174], [85.44191633036382, 28.31538110444842], [85.44269641798246, 28.31575976280965], [85.44345710464938, 28.316168168486342], [85.44419694274984, 28.316605544385936], [85.44477486299661, 28.316980456353576], [85.44494380024997, 28.31697065936578], [85.44583334506484, 28.316953485960198], [85.44611109937983, 28.316953485960198], [85.44700064419453, 28.31697065936578], [85.44708333333347, 28.316975454663805], [85.44716602247223, 28.31697065936578], [85.4480555790185, 28.316953485960198], [85.44861108764854, 28.316953485960198], [85.44888888888903, 28.316958848763022], [85.44916670186092, 28.316953485960198], [85.44999996480601, 28.316953485960198], [85.45088953308351, 28.31697065936578], [85.45177737374672, 28.317022146908187], [85.45266183278392, 28.317107850626996], [85.45354115339723, 28.317231441343495], [85.4535901822955, 28.31723622320891], [85.45422286872872, 28.31724843787765], [85.45511071169904, 28.31729992541807], [85.45599517303486, 28.317385629133128], [85.45687456995068, 28.317505385961795], [85.45774722928195, 28.317658968052456], [85.45861149066405, 28.317846083195434], [85.45946711750264, 28.31807054419187], [85.45951386672522, 28.31805982865319], [85.46025140823951, 28.317771416622065], [85.46108068225038, 28.31748609006553], [85.4619232270129, 28.31723303994744], [85.46277743937543, 28.31701274773576], [85.46364169401926, 28.31682563256885], [85.46416619928016, 28.316734158426243], [85.4644240136488, 28.316681498557443], [85.46451218792998, 28.31666241031337], [85.46527746680778, 28.31645719076272], [85.46614171695956, 28.31627007557978], [85.46701436495147, 28.316116493456434], [85.46763433032459, 28.31603206506452], [85.46775090585868, 28.315825495600905], [85.46783729947737, 28.31514295647031], [85.46797279436038, 28.314364773679017], [85.46814651455577, 28.313592561516373], [85.46835812858552, 28.312827789789367], [85.46860723287062, 28.312071914111357], [85.46889335250478, 28.311326373134534], [85.4692159421632, 28.31059258581081], [85.46957438714713, 28.30987194869357], [85.46996800455781, 28.309165833281554], [85.4703960446007, 28.308475583409006], [85.47085769201789, 28.30780251269124], [85.47135206764187, 28.307147902025292], [85.47187823007351, 28.306512997155096], [85.47243517747535, 28.305899006302127], [85.4727852883779, 28.305539533930755], [85.47334086109942, 28.304984039574492], [85.47385209052658, 28.30449157068591], [85.47438358092779, 28.304016201981995], [85.4749346024202, 28.303558586041504], [85.47551212662574, 28.303111694959682], [85.4760504801917, 28.302627269275035], [85.47660147145325, 28.302169674650997], [85.47716804113026, 28.301727143646758], [85.47746379438843, 28.3014358508388], [85.47799521691627, 28.30096053866623], [85.47854616554434, 28.30050297552242], [85.47911588387302, 28.300063789397598], [85.47980972954247, 28.299571021966813], [85.48052719361374, 28.299105506828766], [85.48126691061105, 28.29866812976246], [85.48149317063547, 28.29854663262512], [85.4819161736093, 28.29827217170748], [85.48265588484253, 28.297834794585583], [85.4828351509268, 28.297738531498112], [85.48299195000362, 28.297565659110944], [85.48325327151758, 28.297297341588433], [85.48357589487478, 28.29687010909265], [85.48410200670708, 28.296235203238894], [85.48465890055581, 28.295621211433456], [85.48500960827272, 28.295261108089107], [85.48528739462256, 28.294983360899607], [85.48549186661177, 28.29478736915945], [85.4857940652928, 28.294486821167993], [85.48584878440505, 28.2944339693384], [85.48659478079628, 28.293676159022027], [85.48690979193009, 28.293258992657627], [85.48743588599046, 28.292624086458545], [85.48799276102989, 28.292010094318414], [85.48834376006045, 28.29164968766014], [85.4892898506194, 28.290699765646025], [85.48974943883883, 28.290024710452542], [85.49024373223187, 28.289370098036045], [85.49076980715716, 28.28873519146481], [85.49132666194436, 28.288121198964404], [85.49167796900355, 28.287760471347383], [85.49270735232733, 28.286731233070725], [85.49302198682858, 28.286314537976295], [85.4935480467218, 28.285679631112885], [85.49370709473158, 28.285504258425817], [85.49374527634501, 28.285427478201314], [85.49413880370099, 28.284721360206333], [85.49456674583303, 28.284031107804424], [85.49502828766992, 28.283358034615787], [85.49552255024554, 28.282703421542692], [85.49604859237661, 28.2820685143339], [85.49660541245481, 28.28145452121572], [85.49719195035715, 28.28086261059508], [85.49780708946429, 28.28029390883796], [85.49844965878702, 28.279749498127842], [85.49911843519601, 28.279230414409426], [85.49981214574939, 28.27873764541829], [85.50052947011534, 28.278272128804417], [85.50126904308388, 28.27783475034971], [85.5020294571633, 28.277426342284855], [85.50280926525807, 28.2770476817073], [85.50360698341836, 28.276699489104374], [85.5044210936639, 28.276382426985208], [85.50525004686739, 28.27609709862071], [85.5060922657002, 28.275844046898044], [85.50694614762949, 28.275623753288755], [85.50781006796439, 28.27543663693416], [85.5086823829418, 28.275283053848682], [85.50956143285111, 28.275163296243818], [85.5104455451866, 28.275077591973286], [85.51133303782512, 28.275026104099027], [85.5122222222223, 28.27500893058277], [85.51311140661954, 28.275026104099027], [85.51399889925824, 28.275077591973286], [85.51488301159355, 28.275163296243818], [85.51576206150287, 28.275283053848682], [85.51663437648045, 28.27543663693416], [85.51749829681518, 28.275623753288755], [85.51835217874464, 28.275844046898044], [85.51919439757728, 28.27609709862071], [85.52002335078078, 28.276382426985208], [85.5208374610263, 28.276699489104374], [85.52163517918677, 28.2770476817073], [85.52241498728131, 28.277426342284855], [85.52317540136096, 28.27783475034971], [85.52391497432933, 28.278272128804417], [85.52463229869545, 28.27873764541829], [85.52532600924883, 28.279230414409426], [85.52599478565764, 28.279749498127842], [85.52663735498038, 28.28029390883796], [85.52725249408746, 28.28086261059508], [85.5278390319898, 28.28145452121572], [85.52839585206823, 28.2820685143339], [85.52892189419913, 28.282703421542692], [85.52941615677491, 28.283358034615787], [85.52987769861164, 28.284031107804424], [85.53030564074368, 28.284721360206333], [85.53069916809966, 28.285427478201314], [85.53105753105746, 28.286148117949722], [85.53138004687503, 28.28688190794759], [85.53166610099498, 28.28762745163624], [85.53191514821822, 28.28838333005814], [85.53212671374774, 28.28914810455592], [85.53230039409766, 28.289920319510657], [85.53243585786726, 28.290698505109958], [85.53253284637731, 28.291481180145865], [85.53259117416917, 28.292266854832747], [85.53261072936397, 28.293054033643443], [85.5326108352279, 28.293609589163793], [85.53259157964959, 28.294396773611027], [85.53253354899181, 28.2951824652925], [85.53243685287049, 28.295965168551163], [85.53230167451608, 28.296743393386294], [85.53212827043143, 28.297515658290934], [85.53191696990979, 28.298280493072582], [85.53166817441394, 28.29903644165239], [85.53138235681769, 28.299782064839405], [85.53106006051127, 28.30051594307048], [85.53078302325872, 28.301071817408], [85.53070125551824, 28.301236359653615], [85.53058320128252, 28.301456850582383], [85.53050534274104, 28.301627372082066], [85.53042357431116, 28.301791914848707], [85.53030505538635, 28.302012143458796], [85.5302276622262, 28.30218292675619], [85.53014589310686, 28.302347470043628], [85.52986885300334, 28.302903343832384], [85.5294755001135, 28.303609565284376], [85.52904771029307, 28.304299927688078], [85.52858629740308, 28.304973116585018], [85.5280921393736, 28.305627850190888], [85.5275661765341, 28.306262881838563], [85.52700940982652, 28.30687700235336], [85.5267475240301, 28.307146000680632], [85.5264257764282, 28.307572291603208], [85.52589980403258, 28.308207323075067], [85.52534302720812, 28.308821443420015], [85.52499181531817, 28.309182189210958], [85.5244362769871, 28.309737805895168], [85.52401086015925, 28.31014772504642], [85.52364847598773, 28.3106278423939], [85.52312248857373, 28.311262873589328], [85.52256569584927, 28.31187699366751], [85.5223041244671, 28.312145663677313], [85.52198211312009, 28.312572283805878], [85.52145611614753, 28.313207314825434], [85.52089931330374, 28.313821434733995], [85.52063787373862, 28.314089964433606], [85.52031575028286, 28.31451672521763], [85.51978974375106, 28.31515175606137], [85.51923293078659, 28.315765875800082], [85.51888211399051, 28.316126203295028], [85.51860434483211, 28.316404011644863], [85.51809338730726, 28.316896352880406], [85.51756217082885, 28.31737160826799], [85.51743393186234, 28.317478139183436], [85.51729012214105, 28.31765175193624], [85.51673329616301, 28.318265871456617], [85.5164543015706, 28.318552426252154], [85.51642248223146, 28.31860954621743], [85.51599463246055, 28.3192999071386], [85.51553315489718, 28.319973094592285], [85.51503892759422, 28.32062782679708], [85.51451289101243, 28.321262857088186], [85.51395604623434, 28.32187697629314], [85.51360559869227, 28.322236914130315], [85.51332782954057, 28.322514722486915], [85.51281675751744, 28.323007170401013], [85.51228541708588, 28.323482526226996], [85.51173453756167, 28.323940137259456], [85.51125562512112, 28.324309402414258], [85.5105503732658, 28.32501475381804], [85.51003929713704, 28.32550719170814], [85.50950795288753, 28.32598253809175], [85.50895706981254, 28.32644014029961], [85.50838740406368, 28.32687937001799], [85.50769349880363, 28.327372265208737], [85.50752957103703, 28.327478643085044], [85.50749844708844, 28.327559815933057], [85.50717606717649, 28.32829369122817], [85.50681781210324, 28.329014424394643], [85.50642436324773, 28.329720643200915], [85.50619261387902, 28.330094545090446], [85.50620953672973, 28.33032241237231], [85.50622909912482, 28.331109586787534], [85.50622915215973, 28.331387364547652], [85.50620989001266, 28.332174544640452], [85.50615183908042, 28.332960231984828], [85.50605510901556, 28.33374293093192], [85.50591988311186, 28.33452115148907], [85.50574641796095, 28.335293412157057], [85.5055350429709, 28.336058242751506], [85.50528615974451, 28.3368141872013], [85.50500024132157, 28.33755980632276], [85.5046778312826, 28.33829368056024], [85.5043195427208, 28.339014412690176], [85.50392605707816, 28.339720630482873], [85.50349812285441, 28.340410989316126], [85.50303655418526, 28.341084174738], [85.50254222929561, 28.341738904969986], [85.5020160888327, 28.342373933350984], [85.50145913407556, 28.34298805071205], [85.50111001190811, 28.343346592807222], [85.50027670452147, 28.34418001794927], [85.49976523696319, 28.344672830908962], [85.499233468473, 28.345148530419863], [85.49868212992556, 28.345606462435228], [85.49811197913192, 28.346045997329213], [85.4974179493795, 28.34653889118647], [85.49682775656083, 28.34692181610245], [85.4967021187112, 28.347007130393195], [85.49658468066895, 28.347094445562334], [85.49586699940784, 28.347560084208908], [85.49512703665334, 28.34799758095761], [85.4943662012949, 28.34840610266292], [85.49396798880684, 28.348599410741485], [85.49380908091769, 28.348680601610226], [85.49358753332496, 28.34878814942499], [85.49303041097687, 28.34906264847052], [85.49223221144092, 28.349410942800603], [85.49141759361277, 28.34972809949511], [85.49058810874351, 28.350013514552245], [85.48974533643752, 28.350266644415797], [85.48889088164083, 28.350487007010997], [85.48802637158053, 28.35067418266425], [85.48715345266203, 28.350827814903482], [85.48627379896317, 28.350947609782565], [85.48538907427337, 28.351033341405753], [85.48450096350996, 28.35108484650175], [85.48361115804886, 28.35110202698121], [85.48305550861801, 28.35110202698121], [85.48236110253072, 28.351088619298253], [85.48166676054183, 28.35110202698104], [85.48055546168052, 28.35110202698104], [85.47966566798743, 28.35108484514302], [85.47916829785726, 28.35104926930279], [85.47911964789358, 28.351053178555844], [85.47830417233911, 28.3512297367825], [85.47773822727993, 28.3513293416205], [85.4769152949408, 28.351507513841682], [85.47604236920728, 28.351661146062895], [85.47516427841077, 28.3517848948743], [85.47474886232527, 28.351945212086434], [85.47417688024456, 28.352188713883095], [85.47336224121915, 28.352505870453797], [85.47253273476485, 28.35279128539986], [85.47168994052743, 28.353044415165016], [85.47083546349432, 28.35326477767461], [85.46997093093552, 28.353451953255217]]]}}, {"type": "Feature", "properties": {}, "geometry": {"type": "Polygon", "coordinates": [[[84.40179674944363, 27.74170714283906], [84.4018161440103, 27.740921076291954], [84.40187399915021, 27.740136507136526], [84.40197020424068, 27.739354924338386], [84.40210457588779, 27.73857781116402], [84.40242873870312, 27.73694110636353], [84.40255632586707, 27.736354367007607], [84.40270503733336, 27.735774016143353], [84.4028751749932, 27.73519834411917], [84.40306655346649, 27.73462797704434], [84.40324112008079, 27.734137370427163], [84.4033858330605, 27.733615346452552], [84.40367491818682, 27.732681125048998], [84.40401993043531, 27.731762054552348], [84.40418715944423, 27.7313677977873], [84.4048410269603, 27.7298790657091], [84.40513350819862, 27.72924854046869], [84.40545255342249, 27.728628299482466], [84.40573781721105, 27.728124911645637], [84.4059186891173, 27.727403656967283], [84.40613955899653, 27.726726073831344], [84.40615043466715, 27.726677982109095], [84.40653346839633, 27.723899148759187], [84.40669130111519, 27.7229594800192], [84.40682209241527, 27.722359554295906], [84.40697563106585, 27.721763912664414], [84.40715174068322, 27.721173237960045], [84.40735021901867, 27.7205882073132], [84.40776319898305, 27.719441431681048], [84.40838810932854, 27.717435033736365], [84.40857877953567, 27.716622352072193], [84.408879142726, 27.7155173073873], [84.40918501703925, 27.714638369538932], [84.40906292703107, 27.714598060915478], [84.40756410789044, 27.71418437285405], [84.4066345286758, 27.71390568425329], [84.406238586815, 27.71377323054844], [84.40449403953448, 27.713171059668866], [84.40377330409996, 27.712907990884332], [84.40306445658985, 27.712620477995074], [84.40236854331101, 27.712308945426287], [84.40168659145161, 27.711973853057145], [84.40080443356425, 27.711493382728747], [84.40016595383236, 27.7111253801844], [84.39781564369491, 27.710273131944064], [84.39680447760259, 27.70987753811295], [84.39581902070336, 27.709433525409906], [84.39478757614057, 27.708936900642982], [84.39308486168238, 27.708372430764143], [84.39244705829952, 27.70815000037112], [84.39181806273064, 27.707908521467914], [84.39119859299115, 27.707648269730612], [84.39058935620687, 27.707369542264587], [84.38941017431483, 27.706807442076183], [84.38884393504941, 27.706527065442458], [84.38808759887957, 27.70611850712652], [84.38735201161967, 27.70568097112516], [84.38663857381925, 27.705215290648596], [84.38594864379735, 27.704722352493377], [84.38559187265031, 27.704449508929997], [84.38393934651697, 27.70315574173975], [84.38310661933747, 27.702465954097647], [84.38231867293263, 27.701735684535663], [84.38150451830182, 27.70093744691883], [84.37896147905934, 27.704257579863565], [84.37861668608684, 27.704711626579524], [84.37846408493522, 27.704907729545255], [84.37802321766702, 27.705448632179184], [84.37794177823582, 27.705543321483447], [84.37738919112644, 27.706158480810473], [84.37688404610498, 27.706672670173532], [84.37680603404863, 27.70675068432263], [84.3735164730719, 27.709983963238358], [84.37307846265111, 27.710400980064605], [84.372625849548, 27.710805458583025], [84.37215908655605, 27.711196994014472], [84.37167864064367, 27.711575194527825], [84.36810915204137, 27.71429659908216], [84.36795290824426, 27.714414502881993], [84.36726291726632, 27.71490744037277], [84.36654941642848, 27.715373120222296], [84.36581376416956, 27.71581065563572], [84.36505736116322, 27.716219213402724], [84.3645251366072, 27.71648331546669], [84.36068734158289, 27.718320907463635], [84.3600362393874, 27.718619285320813], [84.35937345265364, 27.718896544965048], [84.35869984597406, 27.719152324682966], [84.35801629807668, 27.719386290781927], [84.35719922086633, 27.719633595741357], [84.3563710569021, 27.719849736281503], [84.35320747114906, 27.720610675223554], [84.3523273988306, 27.720803673596777], [84.35143851250922, 27.720961480499795], [84.35056395498367, 27.72108128720032], [84.34968435586796, 27.721167026766523], [84.34880139034027, 27.721218535909088], [84.34791674000007, 27.721235716529918], [84.3470320896597, 27.721218535909088], [84.34614912413218, 27.721167026766523], [84.3452695250163, 27.72108128720032], [84.3443949674907, 27.720961480499625], [84.34416020816138, 27.720923368682236], [84.3410435921773, 27.7204004854824], [84.34036710079488, 27.72027632689054], [84.33969575452244, 27.72013173668961], [84.33903033243666, 27.71996688267558], [84.33837160673033, 27.719781956159522], [84.33306477125899, 27.718203093714294], [84.33255815675062, 27.71804569407732], [84.33173350348761, 27.717760253930635], [84.33092363047786, 27.717443069333115], [84.33013007992162, 27.717094744332258], [84.32935436289335, 27.716715942273026], [84.32872998474511, 27.716381618242508], [84.32811950950816, 27.716027545444433], [84.32655394379498, 27.71508339606106], [84.32220269019524, 27.713286687890502], [84.32001854090447, 27.7124524898162], [84.31893114787977, 27.712002830095003], [84.31787552556881, 27.711496754142104], [84.31713244520108, 27.711095726318547], [84.3164093580557, 27.710666729555783], [84.31570759230124, 27.71021055197491], [84.31502843688827, 27.709728031622205], [84.31296971776294, 27.708199911685483], [84.31292164476366, 27.70816411552977], [84.31225651515825, 27.707644858635547], [84.31161747383175, 27.707100271562524], [84.31100573727144, 27.70653139132611], [84.31042246991598, 27.705939301185992], [84.31015808903118, 27.705652879959302], [84.30882860378892, 27.70418199076255], [84.30835113332483, 27.70363239128551], [84.30789778661074, 27.703066841999544], [84.30746923520462, 27.702486181140046], [84.30706611388342, 27.70189126932746], [84.30664069390986, 27.701200847804103], [84.306249519667, 27.700494565760266], [84.30589333527104, 27.699773767932072], [84.30557281817818, 27.69903982666716], [84.30545802469328, 27.698735390727563], [84.3020347700409, 27.697960230085073], [84.30105918488954, 27.69771603658478], [84.30009853056367, 27.69742875474293], [84.29904377725853, 27.69705692244588], [84.29801404596418, 27.69663315804064], [84.29549309646825, 27.695518446558197], [84.2948726406816, 27.69523211212652], [84.29252465237812, 27.694102359028875], [84.29140597826103, 27.694028046169365], [84.28757257846945, 27.693672538980877], [84.286860924709, 27.693595185171432], [84.28615278933876, 27.693495481076525], [84.28504911967485, 27.693293930446828], [84.28001069778605, 27.692243054971982], [84.2788457801064, 27.6919672977304], [84.27770133700113, 27.69163039898774], [84.27687688228934, 27.691344957800425], [84.27606720426411, 27.6910277720458], [84.27527384475411, 27.6906794457729], [84.27449831446916, 27.69030064232919], [84.27395854043317, 27.690013152757274], [84.26886822884728, 27.68720536021698], [84.26828633894638, 27.687195547258852], [84.26751964989882, 27.687156721889664], [84.2632785591216, 27.686870055672102], [84.26228272351653, 27.686780670421626], [84.26129305900707, 27.686647638665534], [84.26049216799362, 27.68650705040875], [84.25969828595885, 27.686337872540776], [84.25891270043172, 27.686140379442293], [84.25813668546641, 27.68591489141528], [84.25568348124705, 27.68515304511368], [84.25542659136812, 27.685071535098416], [84.25460218591434, 27.684786093652974], [84.25379255626211, 27.68446890761112], [84.25299924414816, 27.68412058102257], [84.25222376019167, 27.683741777235127], [84.25164625762267, 27.68343340838146], [84.25108058143485, 27.68310813342481], [84.25052735588997, 27.68276631138798], [84.2499871914909, 27.682408319553417], [84.24793014281659, 27.68099710884991], [84.24727229733895, 27.680526031433203], [84.24671510735624, 27.68009407497823], [84.24617597206537, 27.679644328975144], [84.24471631256597, 27.678381402580897], [84.24460266073669, 27.678282291923097], [84.24245967719332, 27.67639867762108], [84.2400937485121, 27.677828063720142], [84.23947808901931, 27.678185655663412], [84.23884826800457, 27.678523139093386], [84.23807282089894, 27.678901943154244], [84.23727954648461, 27.679250269993986], [84.23646995530936, 27.679567456264294], [84.23564558903615, 27.679852897915225], [84.23470744665781, 27.6801340298191], [84.23212513033809, 27.680845839731262], [84.23089708068943, 27.68114703632483], [84.22965020203509, 27.6813789721964], [84.22877596000001, 27.6814987795496], [84.22789667819762, 27.68158451958243], [84.22701403120055, 27.68163602900546], [84.22612970000012, 27.68165320971991], [84.22500233227026, 27.681625279652962], [84.22387845494484, 27.68154157592471], [84.22096275493703, 27.681251479320906], [84.21969397726508, 27.68108892294117], [84.21882644224956, 27.680935276431114], [84.21796726411276, 27.68074808338264], [84.21711807908468, 27.680527700296636], [84.21628050433696, 27.680274546879843], [84.21545613489849, 27.679989105245454], [84.21464654061475, 27.679671918993563], [84.21385326315487, 27.679323592174114], [84.21307781307223, 27.67894478813548], [84.21211164758489, 27.67841546473437], [84.21118026325223, 27.67783885117035], [84.20938925541259, 27.67666248817045], [84.20839248873767, 27.675963860657475], [84.20772755416914, 27.675444601435743], [84.20708870021326, 27.674900011917885], [84.20647714300077, 27.674331129124027], [84.20589404662883, 27.673739036317613], [84.20534052094598, 27.673124860941243], [84.2048176194395, 27.672489772467372], [84.20432633723243, 27.671834980169137], [84.20386760919035, 27.671161730816664], [84.20337861722845, 27.67036142057583], [84.20293561680859, 27.66954015901007], [84.2018053073773, 27.667301560719523], [84.20151220607517, 27.666691285897343], [84.20124450893337, 27.666071827877204], [84.20089547150275, 27.665139293105483], [84.20060397849704, 27.66419122167099], [84.2003091554214, 27.663118359082887], [84.19827309409152, 27.660379727685665], [84.19761986212063, 27.659439696634934], [84.19729918344677, 27.658925818614478], [84.19699747379258, 27.658402913120653], [84.19671505306201, 27.657871535064203], [84.19646540141974, 27.657359292950446], [84.19378742701036, 27.65703811231458], [84.19285232780896, 27.65745588157108], [84.19178781733098, 27.657897559136018], [84.19069635771581, 27.65828359087203], [84.18985895060933, 27.6585367450557], [84.18900993555161, 27.658757128809214], [84.1881509293899, 27.658944322423963], [84.1872835680262, 27.659097969398772], [84.18640950329734, 27.659217777118954], [84.18553039982572, 27.659303517414514], [84.18464793184347, 27.659355026995115], [84.18376377999999, 27.659372207762146], [84.1828147054369, 27.659352409775977], [84.17870756367529, 27.659180902108517], [84.17806196055159, 27.659144730596893], [84.17741798306412, 27.659090231256016], [84.17677628741177, 27.659017459619122], [84.17613752746581, 27.65892648983896], [84.17527016745532, 27.658772842860458], [84.1744111626341, 27.658585649241274], [84.17356214890083, 27.65836526548253], [84.17272474310084, 27.658112111292837], [84.17166063203916, 27.65773655722785], [84.17062203438189, 27.657308108246866], [84.16889868405849, 27.656543807768855], [84.16779960825085, 27.6560181602149], [84.16704361984671, 27.655609599041895], [84.16630837079146, 27.65517205997719], [84.16559526099024, 27.65470637623639], [84.16490564813665, 27.654213434621056], [84.16484640387273, 27.65416898716819], [84.16265815589884, 27.65252085398663], [84.16200990669284, 27.652011072779715], [84.16138667624836, 27.65147712739349], [84.16078959933049, 27.650919990338934], [84.16021976302011, 27.65034067635247], [84.1596663550992, 27.649726498964412], [84.15914356482551, 27.649091408406832], [84.15865238711086, 27.648436613956562], [84.15819375662204, 27.647763362387366], [84.15776854600585, 27.6470729355936], [84.15737756422891, 27.64636664814782], [84.15702155504272, 27.645645844796093], [84.15670119557132, 27.644911897895838], [84.1564537708536, 27.64426878045066], [84.15582202587109, 27.642519934028712], [84.15563082463649, 27.641959597242476], [84.15546013980895, 27.641394030811966], [84.15536090533072, 27.641042554562432], [84.15377706333027, 27.637849092302304], [84.15351324415417, 27.63729207241022], [84.15327052270783, 27.63672749563608], [84.15298644325719, 27.635981801675314], [84.152739160137, 27.63522578119671], [84.15252914336645, 27.634460873522983], [84.15235679198975, 27.633688534866508], [84.1522512309786, 27.633097688342616], [84.15216771712909, 27.632504050292255], [84.15210634185763, 27.63190827306721], [84.15206717224856, 27.63131101135974], [84.1518333697162, 27.626328130551315], [84.14911917991918, 27.623960705295644], [84.1488692732155, 27.623738881439635], [84.14385338941389, 27.61920809447963], [84.14055224151838, 27.61701926903112], [84.13981627235597, 27.616817266003636], [84.13564587959206, 27.615785496160584], [84.13488712021865, 27.615583452006547], [84.13413780715177, 27.615355146187483], [84.13342318312607, 27.615109690263637], [84.1327194874803, 27.61484034753613], [84.13202772611248, 27.61454750304688], [84.13134888783708, 27.614231575430892], [84.12814439502165, 27.61267077469404], [84.12773297953117, 27.612464799070096], [84.12697729027474, 27.612056235436512], [84.12624233214268, 27.61161869373319], [84.12552950448571, 27.611153007180576], [84.12484016445978, 27.610660062585225], [84.1242996922079, 27.610241256507436], [84.12377618170842, 27.60980569034399], [84.12327028740935, 27.60935390877046], [84.12278264170686, 27.608886476733176], [84.12102448849078, 27.607140238835598], [84.12058525068505, 27.60668917098053], [84.12003206207828, 27.606074989842796], [84.11950947895946, 27.605439895401048], [84.11901849584609, 27.604785096939167], [84.11856004703583, 27.604111841237852], [84.11813500482975, 27.603421410198564], [84.11774417787564, 27.602715118401647], [84.11738830963111, 27.601994310600617], [84.11706807695322, 27.601260359161245], [84.11689392092211, 27.6008159172394], [84.11616877994038, 27.598884758560075], [84.1159435555295, 27.598245765848503], [84.11574509994011, 27.59759976799188], [84.11557368602149, 27.59694765468595], [84.11542954936652, 27.596290324033816], [84.11529523610204, 27.59551202055809], [84.11519915752496, 27.594729238041964], [84.1151414957198, 27.593943466634528], [84.1151223596301, 27.593156202143064], [84.11512505564792, 27.592864694706407], [84.1152227658157, 27.587529288926305], [84.11526692791477, 27.58659682000149], [84.11536512887875, 27.58566763166965], [84.11558027933285, 27.58407435612105], [84.11554131553066, 27.5832266423065], [84.11552435053557, 27.58248515281059], [84.11553791618712, 27.581827662416345], [84.11557835323867, 27.581171048712292], [84.1156376317241, 27.580449115743818], [84.11529669749928, 27.580297644019197], [84.11420613430874, 27.579775433198506], [84.11359339805199, 27.579447163125167], [84.11299404908652, 27.57909982578633], [84.11104951594666, 27.57792885963636], [84.11019325486791, 27.577383818276758], [84.1093699251872, 27.576799880908425], [84.10874011962983, 27.576308750653027], [84.10654438518668, 27.57452371843607], [84.1060538177124, 27.574111353797775], [84.10557893187467, 27.573684662623123], [84.10512025415545, 27.57324411812681], [84.10467829304275, 27.572790208881315], [84.10412527441042, 27.57217602483422], [84.10360285184191, 27.571540927379033], [84.103133360973, 27.570914596623993], [84.10299054939975, 27.570930434992476], [84.1023082879965, 27.57098529327942], [84.1016243345021, 27.571019555839143], [84.0994758222538, 27.571094699630066], [84.09811511007445, 27.571276593495384], [84.09754685348139, 27.57158339176607], [84.0974346304809, 27.571640715454805], [84.09467773553746, 27.57303849093597], [84.09392918946628, 27.573399657121456], [84.09316426976181, 27.573732472048732], [84.09238432798963, 27.57403634759652], [84.09159074229666, 27.57431074677868], [84.09076743302398, 27.574560117028113], [84.08993286733227, 27.574777761696453], [84.08908858419568, 27.574963279424367], [84.08823614053335, 27.575116328096215], [84.08507733770978, 27.575620789539357], [84.08047469803898, 27.576505867549542], [84.07972036266847, 27.57663761083336], [84.0788469523647, 27.576757419909995], [84.07796850709957, 27.576843161176157], [84.07708669984851, 27.576894671339744], [84.07620321000013, 27.576911852301123], [84.07520083141145, 27.576889733205746], [84.07420091053064, 27.576823430152217], [84.07106634549768, 27.57654586570345], [84.07030720772474, 27.576465715376003], [84.06955200618188, 27.57636009154419], [84.06868529639382, 27.576206442823093], [84.06782693551685, 27.5760192470799], [84.06697855822188, 27.57579886081919], [84.06614178013876, 27.57554570375339], [84.06531819477658, 27.57526025800155], [84.0645093704851, 27.574943067170636], [84.0637168474642, 27.574594735317646], [84.06294213482886, 27.574215925799706], [84.06218670773126, 27.573807360007095], [84.06145200455063, 27.573369815989224], [84.06112049311332, 27.57315316501723], [84.06072181355785, 27.573297965056895], [84.0600062041342, 27.57354387865712], [84.0591694412368, 27.573797035792552], [84.05832107933838, 27.574017422113684], [84.05746273404009, 27.57420461790855], [84.05659603998208, 27.574358266671766], [84.05572478280737, 27.574477825162717], [84.05484851123316, 27.574563482111614], [84.05396888597323, 27.574615075181498], [84.05308757410711, 27.57463250659265], [84.0512028333049, 27.574633207464387], [84.05008340705632, 27.57460582102175], [84.04897151989991, 27.574523742558995], [84.047843098756, 27.574412474763278], [84.04719674354953, 27.574339341310747], [84.04655336354318, 27.5742477169548], [84.0456866703538, 27.57409406818931], [84.0448283259156, 27.573906872391774], [84.04397996486767, 27.573686486067118], [84.04314320280878, 27.573433328927933], [84.04255862369564, 27.57323452747636], [84.04005091369226, 27.572341894095814], [84.0393805879491, 27.572090751728297], [84.0387208141583, 27.571818325317793], [84.03807244306739, 27.571524966177265], [84.0374363107, 27.571211052609954], [84.03668090417602, 27.57080248664772], [84.0359462210032, 27.570364942448123], [84.03523366000832, 27.569899253235064], [84.0345445778392, 27.56940630581971], [84.03393572370766, 27.568932150198123], [84.03334859826072, 27.568436712372034], [84.0327841373608, 27.567920782304327], [84.0322432406947, 27.567385182620797], [84.03105194380066, 27.566157083418204], [84.03085738451682, 27.565953480552935], [84.0303044001289, 27.5653392959195], [84.02978200990611, 27.564704197856827], [84.02929120799962, 27.564049395655218], [84.02883292836242, 27.56337613610168], [84.02868754068186, 27.56314782323136], [84.02655559649003, 27.55974228637689], [84.02617524963733, 27.559105079176447], [84.02582379731535, 27.558454827591618], [84.02550180117004, 27.557792571721052], [84.02520977570259, 27.557119370845726], [84.02487675867138, 27.55623267344845], [84.02477749359701, 27.555914476697524], [84.02444723175995, 27.555856492351154], [84.02377525376488, 27.55571349034267], [84.0197222353205, 27.55811420416262], [84.01864098223007, 27.55871181093255], [84.01789010692414, 27.559079592744865], [84.01369097464755, 27.561034311379274], [84.01309275079365, 27.561301654224167], [84.0124849393203, 27.56155123292058], [84.01186820418553, 27.56178277481058], [84.01124321911044, 27.561996026939767], [84.01040654378409, 27.562249184477025], [84.00955827067332, 27.562469571147915], [84.00870001520963, 27.56265676723922], [84.00783341186252, 27.56281041624601], [84.00751575235762, 27.562858023692513], [84.00438180954905, 27.563304854655655], [84.00356185121848, 27.563406479462003], [84.0027379164103, 27.563478149900163], [83.99948271911222, 27.563701505718086], [83.99870622333418, 27.563741423887848], [83.99792858000006, 27.563754736492683], [83.99704519551665, 27.563737555500268], [83.99616349342966, 27.56368604524374], [83.99528515292639, 27.563600303823023], [83.99441184678312, 27.56348049453004], [83.99325313125422, 27.563267098729455], [83.99219373233649, 27.56301369012249], [83.98999609104868, 27.563013543058958], [83.98724801197363, 27.56388798950968], [83.98190859831647, 27.566361642026436], [83.98131868187653, 27.56662413561031], [83.98071948700255, 27.566869374064936], [83.9801116490384, 27.567097097333942], [83.9794958125064, 27.56730706393307], [83.97876821583617, 27.567529253002704], [83.97803167434438, 27.567726658216657], [83.97728725073398, 27.567898994743416], [83.97653601909781, 27.568046013920707], [83.97522248694241, 27.568279860810435], [83.97477251859237, 27.568355262046623], [83.97389917386533, 27.568475071259343], [83.97302079455562, 27.56856081262282], [83.97213905351327, 27.5686123228449], [83.97125327176508, 27.568629503581178], [83.96862391409519, 27.568628933244725], [83.96774178075384, 27.568611602472686], [83.966861332311, 27.568560042608055], [83.9659842406889, 27.568474351559303], [83.96511217142591, 27.56835469204799], [83.96447284793203, 27.56824474277505], [83.9638378222898, 27.568116533116324], [83.96320775114862, 27.567970195649366], [83.96258328602721, 27.567805881697268], [83.95838057455467, 27.566634171808857], [83.95750014640066, 27.566368776231172], [83.95667662954168, 27.566083330119056], [83.95586787252262, 27.565766138887227], [83.95507541541576, 27.5654178065941], [83.95430076720959, 27.565038996596456], [83.95373887847848, 27.564738933219303], [83.95318817578453, 27.56442283042327], [83.94846109928028, 27.561611904344375], [83.94774133024316, 27.561163470164786], [83.94704405883294, 27.560687643546714], [83.94608422446294, 27.560002678072124], [83.94374504078417, 27.561113356889507], [83.94311213224915, 27.56140126616424], [83.94246827660623, 27.561669206719273], [83.94181426682303, 27.56191684853161], [83.94115090839102, 27.562143886577758], [83.9403142319436, 27.562397044109844], [83.93946595769648, 27.562617430776072], [83.93860770108296, 27.56280462686385], [83.93774109657448, 27.56295827586723], [83.93686779456385, 27.56307808516874], [83.93598945821725, 27.563163826595712], [83.93510776030274, 27.563215336855933], [83.93421899388977, 27.563232516572782], [83.93106138260458, 27.563230985049756], [83.93018083230118, 27.56321347614579], [83.9293019696645, 27.56316185746789], [83.92842645780269, 27.563076226695898], [83.92754904779565, 27.56295565831897], [83.92371540221814, 27.562350626876935], [83.91963180830976, 27.561943926303968], [83.91836432093106, 27.561781358880978], [83.91749772566459, 27.56162770985253], [83.91663947820376, 27.561440513734738], [83.91579121300259, 27.56122012703281], [83.91495454547726, 27.560966969459855], [83.91413106892594, 27.560681523135656], [83.91332235149088, 27.560364331668097], [83.91252993316795, 27.560015999115592], [83.91175532287258, 27.559637188835893], [83.91099999556167, 27.559228622221042], [83.9102653894243, 27.55879107732136], [83.90955290314014, 27.5583253873624], [83.90886389321457, 27.55783243915664], [83.90819496244353, 27.557309323656], [83.90755247138509, 27.556760517316945], [83.90545271216615, 27.554886264378013], [83.90484666338773, 27.554321332405834], [83.90426863220517, 27.553733541410054], [83.90371570899498, 27.55311935572854], [83.9031933765583, 27.5524842565805], [83.90270262893603, 27.551829453257653], [83.90224439997831, 27.551156192549172], [83.90184076894235, 27.55050197970968], [83.90146784433773, 27.549833446876846], [83.9011262638835, 27.549151738279363], [83.90081661161753, 27.548458020676208], [83.90003036830797, 27.546584635185923], [83.89996694783468, 27.5464314109322], [83.8996831005233, 27.54568570741975], [83.89943601938927, 27.544929677237633], [83.89922617406984, 27.544164759726243], [83.89905396328697, 27.543392411116145], [83.89891971409207, 27.542614101754964], [83.89882368125052, 27.541831313306886], [83.89876604676203, 27.541045535932483], [83.89874692276294, 27.540252368262998], [83.89875357606985, 27.532989202291617], [83.89877512076617, 27.53217139856372], [83.89883821133253, 27.53135530496445], [83.8993680929891, 27.526205370758817], [83.89946247683173, 27.52545907336531], [83.8995916035638, 27.524716922453933], [83.8997640615637, 27.52394462089717], [83.89997413923663, 27.523179760459072], [83.9002214359586, 27.522423796927683], [83.90050548029222, 27.521678169128506], [83.90082573089052, 27.520944296186542], [83.90118157753227, 27.520223574826616], [83.90157234228775, 27.51951737671652], [83.90199728081376, 27.518827045857904], [83.90219607511989, 27.518534833735146], [83.90219960937014, 27.518394984113456], [83.90225765473974, 27.517612058819452], [83.9023538109031, 27.51683212249077], [83.90248789533752, 27.516056649074244], [83.90266033977719, 27.515284346546537], [83.90287040094478, 27.514519485144604], [83.90311767824761, 27.513763520658927], [83.90340170028583, 27.513017891916547], [83.90373797556401, 27.512249585429288], [83.90411326032608, 27.511495777101175], [83.90621711256586, 27.507517409782793], [83.90659173822775, 27.50684553329586], [83.90699735435754, 27.506188120045124], [83.90745560488631, 27.505514968963382], [83.90794634335572, 27.50486028000381], [83.908468635303, 27.504225299070526], [83.90902148626924, 27.503611234541893], [83.90960384369356, 27.503019254972344], [83.91021459891897, 27.502450486871282], [83.91085258930252, 27.501906012560482], [83.91151660042988, 27.50138686811772], [83.91239465574847, 27.500766117675198], [83.91330987972043, 27.500189641334373], [83.9172496815853, 27.497850954053945], [83.9177930064198, 27.49753945830986], [83.9183471980042, 27.49724357909986], [83.91912143515503, 27.496864873837524], [83.91978830597083, 27.496571665278395], [83.9197460502258, 27.496417569397295], [83.91957391352145, 27.495645215532647], [83.91954022899176, 27.495469633296125], [83.91875573823836, 27.491255252706708], [83.91863626383929, 27.490520023975137], [83.91855081987376, 27.489781033291194], [83.91849955043017, 27.489039532755214], [83.91848254168747, 27.488296778695883], [83.91849548092824, 27.487654416317298], [83.91853404708957, 27.487012871531817], [83.91859819086073, 27.48637295721403], [83.91868783052689, 27.48573548415959], [83.91947892160647, 27.480819686372627], [83.91958167578161, 27.48024678510751], [83.91975406421489, 27.479474478566488], [83.91996405721125, 27.478709613181934], [83.92021125430921, 27.477953644751892], [83.92049518426273, 27.477208012111646], [83.92080292338045, 27.4765008462968], [83.92253157338052, 27.47276315064977], [83.92426895215755, 27.4686750646693], [83.9239338285135, 27.468151209774362], [83.92130670919249, 27.465906970102253], [83.91610997157375, 27.46281226036365], [83.90079734637465, 27.45626704159895], [83.88072643978762, 27.45104505873985], [83.86800644959277, 27.448850948164875], [83.86722482941087, 27.44870173255856], [83.86645042857441, 27.448525084259757], [83.8656844564448, 27.44832127914242], [83.8649281092022, 27.44809063548945], [83.86410547235124, 27.44780518474107], [83.8632975795332, 27.447487988352975], [83.86250596917085, 27.447139650391875], [83.8617321486388, 27.44676083422445], [83.8615721611684, 27.446677538107394], [83.8526564968135, 27.441986231477472], [83.85194538569402, 27.441594121087633], [83.85125304427072, 27.441176130153508], [83.85058065505496, 27.440732972726153], [83.84992936643243, 27.440265405839796], [83.84926584964728, 27.439746129636603], [83.84862835774749, 27.4392015222827], [83.84801810426984, 27.43863262082874], [83.84743625083081, 27.438040508569998], [83.84688390491374, 27.43742631298244], [83.84636211776285, 27.436791203573478], [83.84587188238254, 27.436136389652688], [83.84541413164993, 27.43546311802811], [83.84498973654064, 27.434772670628945], [83.84459950447444, 27.434066362064584], [83.84424417778087, 27.433345537118555], [83.84392443229103, 27.432611568187212], [83.84366010450577, 27.43191999976085], [83.8434273673351, 27.431219451444804], [83.84322660166504, 27.430511071530418], [83.84305813595648, 27.42979602112382], [83.8420156549106, 27.424878575054777], [83.8419699358517, 27.424655221783837], [83.84183582983275, 27.423876899238905], [83.841739899196, 27.42309409750385], [83.84168232575115, 27.422308306763796], [83.84166321828087, 27.421521022862464], [83.8416775608672, 27.42084436031388], [83.84172032155766, 27.42016865323245], [83.84179143971238, 27.419494851666798], [83.84189081482566, 27.418823902968768], [83.84268446863467, 27.41414259515824], [83.84276473018298, 27.413705489188715], [83.84293701482113, 27.412933175199385], [83.84314688147776, 27.412168302423424], [83.84339392993417, 27.411412326673542], [83.84367768923005, 27.41066668679923], [83.84399761856463, 27.40993280194948], [83.84435310833146, 27.409212068872876], [83.84474348128339, 27.408505859261027], [83.84516799382584, 27.407815517138715], [83.84558028860016, 27.4072064433455], [83.84930356855153, 27.401943014434835], [83.8521368289359, 27.396361424318002], [83.85219083305282, 27.396233344119082], [83.8521931991562, 27.394455433530368], [83.85096073859131, 27.388761615795374], [83.85049392353943, 27.387446542201758], [83.85034014470853, 27.387259781214595], [83.84685269492712, 27.3847334908981], [83.84659560866533, 27.38454408777966], [83.84593242453764, 27.38402480757634], [83.84529525221939, 27.38348019602097], [83.84468530463965, 27.382911290171478], [83.84410374283203, 27.38231917333036], [83.84367114366756, 27.381842616916117], [83.843256937815, 27.38135321257846], [83.8428616035444, 27.380851525704713], [83.842485597306, 27.380338135864747], [83.83934500037805, 27.375886447305277], [83.83903356331314, 27.37543012967467], [83.83563204014314, 27.37027572226998], [83.83554108868861, 27.370136475627305], [83.83511694271976, 27.369446021909425], [83.83472693969276, 27.368739706868837], [83.83437182150311, 27.36801887530072], [83.8340522635865, 27.367284899613196], [83.8337689137037, 27.366539290724972], [83.8335222594211, 27.36578335777125], [83.83169597101227, 27.359694296677162], [83.83148647937935, 27.35892937171235], [83.83131455817266, 27.358157015685947], [83.83118053195443, 27.357378685774506], [83.83108465828224, 27.35659587661496], [83.83102711886045, 27.355810078406193], [83.83100802240949, 27.355022787006703], [83.83102740446577, 27.35423550108561], [83.8310852273193, 27.353449719270145], [83.83118138009252, 27.352666937294202], [83.8313156789568, 27.35188864514953], [83.83148786748905, 27.35111632425179], [83.83169761716516, 27.350351444620003], [83.83194452799171, 27.349595462080515], [83.83222812927232, 27.34884981549635], [83.83254788050937, 27.348115924029685], [83.83290317243728, 27.34739518444252], [83.83329332818732, 27.346688968439366], [83.83371760457965, 27.345998620058026], [83.83417519354265, 27.345325453113787], [83.83466522365353, 27.344670748700082], [83.8351867618008, 27.344035752753086], [83.83573881496221, 27.343421673681746], [83.83632033209727, 27.34282968007102], [83.83693020614913, 27.34226089845896], [83.83756727615298, 27.341716411195875], [83.83823032944542, 27.34119725438643], [83.83891810397432, 27.340704415920015], [83.83962929069804, 27.340238833593048], [83.84036253607803, 27.33980139332624], [83.84111644465253, 27.3393929274813], [83.84188958169011, 27.339014213278517], [83.84268047591883, 27.3386659713197], [83.8434876223231, 27.338348864219483], [83.84430948500466, 27.33806349534518], [83.8451445001026, 27.337810407670645], [83.84599107876471, 27.33759008274467], [83.84684761016803, 27.337402939775984], [83.84771246457939, 27.33724933483677], [83.84858399645259, 27.337129560185417], [83.84946054755432, 27.337043843712195], [83.8503404501156, 27.336992348506044], [83.85122203000009, 27.336975172544044], [83.85210360988441, 27.336992348506044], [83.85298351244569, 27.337043843712195], [83.85386006354742, 27.337129560185417], [83.85473159542062, 27.33724933483677], [83.85559644983215, 27.337402939775984], [83.85645298123546, 27.33759008274467], [83.85729955989757, 27.337810407670645], [83.85813457499535, 27.33806349534518], [83.85895643767708, 27.338348864219483], [83.85976358408135, 27.3386659713197], [83.86055447831006, 27.339014213278517], [83.86132761534765, 27.3393929274813], [83.86208152392197, 27.33980139332624], [83.86281476930213, 27.340238833593048], [83.86352595602585, 27.340704415920015], [83.86421373055458, 27.34119725438643], [83.8648767838472, 27.341716411195875], [83.86551385385087, 27.34226089845896], [83.86612372790273, 27.34282968007102], [83.86670524503779, 27.343421673681746], [83.8672572981992, 27.344035752753086], [83.86777883634664, 27.344670748700082], [83.86826886645753, 27.345325453113787], [83.86872645542053, 27.345998620058026], [83.86915073181285, 27.346688968439366], [83.86954088756272, 27.34739518444252], [83.86989617949064, 27.348115924029685], [83.87021593072768, 27.34884981549635], [83.87049953647193, 27.349595474714647], [83.87074645051933, 27.350351470211763], [83.8718617625857, 27.354065713055206], [83.87371432435316, 27.356871619773187], [83.87491837792061, 27.358577585712396], [83.87783058865165, 27.36068683446956], [83.87808835673673, 27.360876692862007], [83.8787515272723, 27.361395848154643], [83.87938870993429, 27.361940333829125], [83.87999869184569, 27.36250911378437], [83.88058031183573, 27.363101105673138], [83.8809893702055, 27.363550704487295], [83.88138206241399, 27.364011790048494], [83.88504845157428, 27.368462968861422], [83.88568431917145, 27.369281277045673], [83.88626867023748, 27.37012965013332], [83.8866930387241, 27.3708199960725], [83.88708327917902, 27.371526209582044], [83.88743864826057, 27.37224694662882], [83.88775846895243, 27.3729808355136], [83.88803257070117, 27.373699496100073], [83.88986313357492, 27.378851387148075], [83.89018511792256, 27.379857906757593], [83.89044120350655, 27.380879395898887], [83.89226880215426, 27.38930877972149], [83.89232945958662, 27.38960143981069], [83.89246380420593, 27.390379727717914], [83.8925599898057, 27.39116250544089], [83.89261783249316, 27.391948282995543], [83.89263721771903, 27.392744818572453], [83.89263064934471, 27.39954324317722], [83.89261087091216, 27.400325888976568], [83.89255308592556, 27.40110703300678], [83.89245740229671, 27.401885205688984], [83.89232399924668, 27.40265894300387], [83.8921520062832, 27.403431307083963], [83.8919424265909, 27.40419623988481], [83.89169565839074, 27.404952285148], [83.89141217073, 27.40569800350545], [83.89133691617593, 27.405879584029776], [83.88975933397523, 27.40962411456536], [83.8895163993887, 27.410173279355433], [83.88925346590429, 27.410715058596622], [83.88690492894045, 27.41534474719623], [83.88932616723048, 27.415762391240776], [83.89024421777629, 27.415940529301338], [83.89115201107137, 27.416156515972716], [83.91370842767901, 27.422025044034626], [83.91434051301133, 27.42219949094914], [83.91496586837224, 27.422392289793038], [83.9158864796654, 27.422714187749875], [83.91678836757768, 27.423075842486412], [83.93488618081699, 27.430811075308895], [83.93558100730024, 27.431122774771552], [83.93626189612468, 27.431458072394264], [83.93682578710553, 27.431759511269945], [83.9373784064116, 27.432077137260706], [83.94524732540214, 27.436762612950417], [83.94615210229324, 27.43733387191054], [83.9470204619945, 27.437948483725847], [83.94752155052714, 27.438336212019635], [83.94800812650254, 27.438738387185822], [83.95404097704454, 27.44389091079239], [83.95481629437364, 27.444590136012835], [83.95554777700738, 27.445325999508157], [83.95610033692486, 27.445940069334767], [83.95662235387681, 27.44657505573764], [83.95711283392876, 27.44722975032721], [83.95757084311049, 27.447902907187768], [83.95762055799975, 27.447980142578615], [83.96076776318989, 27.45289733173513], [83.96116921683176, 27.453555923089368], [83.96153967161115, 27.454228817440082], [83.96187848798309, 27.454914854147546], [83.96218508094, 27.455612849882357], [83.96402065980152, 27.46006139345087], [83.96404489323169, 27.46012043789881], [83.96432877930476, 27.460866072397835], [83.9645759381832, 27.46162204270871], [83.96478589869457, 27.462386909992517], [83.96495826043952, 27.463159218447572], [83.96509269456027, 27.463937498078565], [83.96518894437156, 27.464720267494556], [83.96524682585573, 27.465506036727902], [83.96526622775554, 27.466297309355923], [83.9652648298345, 27.470749358681076], [83.96524542130584, 27.471534631590487], [83.96518772543124, 27.47231840758218], [83.96509185067367, 27.473099202212723], [83.96495797781529, 27.47387553665584], [83.96478587482511, 27.474647892914106], [83.96457616095734, 27.47541281798459], [83.96432923468558, 27.476168855622575], [83.96404556535538, 27.47691456647442], [83.96395326809488, 27.477136313162077], [83.9618093277848, 27.48218509613298], [83.96201295594966, 27.482264814031737], [83.96291802269138, 27.482668392553137], [83.97131683472799, 27.486650188122667], [83.97193564144584, 27.486956016142415], [83.97269055264712, 27.487364472983074], [83.97342477323423, 27.487801903617367], [83.97413690589087, 27.488267475703992], [83.97482559527941, 27.488760303343668], [83.9754351450037, 27.489235177418152], [83.98120954433273, 27.49391823107112], [83.98170555411014, 27.494334273844515], [83.98218559257708, 27.494764959092834], [83.98264911634845, 27.495209799463964], [83.9830956007076, 27.495668291582888], [83.98364841195877, 27.496282356834], [83.98417066638177, 27.49691733851313], [83.98466136958876, 27.497572028240484], [83.98511958718467, 27.49824518011019], [83.98560825556336, 27.499045700554575], [83.98605098816182, 27.49986719695687], [83.98841330137407, 27.504549548319346], [83.98870612807957, 27.505159669036857], [83.98897360477685, 27.50577897588937], [83.98925760818662, 27.50652460541994], [83.98950486926401, 27.507280570703244], [83.98971491664065, 27.508045432910592], [83.9898873497504, 27.50881773624991], [83.9900218395976, 27.509596010736345], [83.99011812938903, 27.51037877498868], [83.99017603502892, 27.511164539049275], [83.9901954455791, 27.51195399209587], [83.99019515564623, 27.51523367689566], [83.99017587229866, 27.516019854629974], [83.99011819744709, 27.51680453716864], [83.99002223976282, 27.51758623491787], [83.98988818059996, 27.51836346391866], [83.98972233666365, 27.519110259967988], [83.98952131432304, 27.519850155978588], [83.98928547056732, 27.520581835407995], [83.98901522437052, 27.52130399630778], [83.98770193739728, 27.52458135332074], [83.98766218626639, 27.524679651452004], [83.98734217533979, 27.525413610843202], [83.9869865535909, 27.52613442643832], [83.98659599740955, 27.526840725857653], [83.98654957381996, 27.52691618862025], [83.99515836181939, 27.526916764712666], [83.99604124841733, 27.52693396385007], [83.99692245444015, 27.526985465441328], [83.99780030404861, 27.527071171541706], [83.99867312777639, 27.52719091915833], [83.99873871159514, 27.527202997776044], [84.00739939791242, 27.52207363034165], [84.00848178061017, 27.52147537319769], [84.00925618743776, 27.521096669310793], [84.01004838055474, 27.52074843684676], [84.0108568524779, 27.520431338399703], [84.0116800647906, 27.520145977318293], [84.01251645106873, 27.51989289655978], [84.01336441985598, 27.519672577658355], [84.01422235769002, 27.5194854398095], [84.01508863216708, 27.51933183907437], [84.0159615950447, 27.519212067702142], [84.01683958537313, 27.51912635357661], [84.01772093265129, 27.519074859780858], [84.01860395999995, 27.519057684289237], [84.0188282783621, 27.51905879218083], [84.02440452750272, 27.519113763343], [84.02523151527043, 27.51913697257487], [84.02605674924223, 27.519190285994], [84.02687885155842, 27.519273614584222], [84.02769644958113, 27.519386819214787], [84.02848878655243, 27.519525937584092], [84.02927427199944, 27.519693114775293], [84.03218839615101, 27.52036831940154], [84.03486536515874, 27.52057216833873], [84.03576428797118, 27.52065866934879], [84.03665798390892, 27.520780862776974], [84.03752426974057, 27.52093446347874], [84.03838221882035, 27.521121601286723], [84.03923019872303, 27.52134192014023], [84.04006659596496, 27.521595000843263], [84.0410676409914, 27.521946903607784], [84.04445160421307, 27.523230073735476], [84.04556715393744, 27.52368917769229], [84.04664941959857, 27.524207759299827], [84.04740458512259, 27.52461621386243], [84.04813905307697, 27.52505364205956], [84.04885142567542, 27.525519211555206], [84.0495403471242, 27.526012036455597], [84.05030862452162, 27.52661681419744], [84.05300402030821, 27.528849261158598], [84.05389604519593, 27.52963532073352], [84.054731770643, 27.53046910837918], [84.05518803550939, 27.530971736452557], [84.05562381605102, 27.531488609693668], [84.0560385528538, 27.532019064931433], [84.05643171348083, 27.53256242155942], [84.05724693589224, 27.53373463219924], [84.05755824247967, 27.534198266307783], [84.0595667237136, 27.533738500306356], [84.06032404890925, 27.533578893957383], [84.06108769324084, 27.533445345144514], [84.06196076760205, 27.53332557402723], [84.06283887005503, 27.53323986008388], [84.06372032988514, 27.53318836639778], [84.06460347000012, 27.533171190942767], [84.06548661011493, 27.53318836639778], [84.06636806994504, 27.53323986008388], [84.06724617239786, 27.53332557402723], [84.0681192467593, 27.533445345144514], [84.06867413497963, 27.533539682776052], [84.07080488812778, 27.533929451350446], [84.07152912736967, 27.534074305945637], [84.07224692593587, 27.53424272374002], [84.07295731955571, 27.53443447849145], [84.07365935389197, 27.534649312607314], [84.07448267425428, 27.53493467306646], [84.0752912522965, 27.535251770822697], [84.07608354940066, 27.535600002528554], [84.07685805788594, 27.53597870559196], [84.07761330387382, 27.53638715943407], [84.07834785009146, 27.536824586860803], [84.07906029860374, 27.53729015553722], [84.07974929347267, 27.537782979571602], [84.08026078906471, 27.538178661602387], [84.08063895597121, 27.538490539850443], [84.08143166383161, 27.5381421175951], [84.08224026303168, 27.537825019976538], [84.08306360493691, 27.537539659641368], [84.08380623121684, 27.537314132428435], [84.08390031678692, 27.537287306153758], [84.08455798949768, 27.537114126910694], [84.08474812056471, 27.537065839822787], [84.08794084990018, 27.536273041907464], [84.08889338775231, 27.53605868473028], [84.0898564655821, 27.535885761382644], [84.09036956795296, 27.535811165125665], [84.09456758447084, 27.53524999441504], [84.09566961839204, 27.53513009501978], [84.09665298341417, 27.535071611850185], [84.09821369774295, 27.534532655486373], [84.0986041116131, 27.534401932005267], [84.09922425953647, 27.534210841228287], [84.09985102593333, 27.534037761339732], [84.10048375280974, 27.53388287403601], [84.10112177592373, 27.533746341914423], [84.10450494296231, 27.533073807515564], [84.10539682011114, 27.532915153789133], [84.10626989028304, 27.53279538266247], [84.10714798852234, 27.532709668712187], [84.10802944412274, 27.532658175021993], [84.1089125800001, 27.53264099956573], [84.1097957158774, 27.532658175021993], [84.11067717147779, 27.532709668712187], [84.11155526971709, 27.53279538266247], [84.11242833988882, 27.532915153789133], [84.11311871305844, 27.53303470723756], [84.11380401361697, 27.53317555941635], [84.1160603578607, 27.533676231255072], [84.11708535694612, 27.533929323216853], [84.11809403761362, 27.53423004158691], [84.1189173548513, 27.534515402064017], [84.11972592982471, 27.53483249984032], [84.12051822392152, 27.535180731568232], [84.12129272946692, 27.535559434655227], [84.1219252107071, 27.535898736242586], [84.12411984616358, 27.537125159056927], [84.12517629809679, 27.53775758549881], [84.12831187640131, 27.539764813161298], [84.12892219486855, 27.54017121665936], [84.12951493511872, 27.540597795100382], [84.13017918191565, 27.541116936508786], [84.13081739875344, 27.541661407641527], [84.13142837078618, 27.542230172427367], [84.13201093495877, 27.542822148551465], [84.13256398222006, 27.54343620951181], [84.1330864596352, 27.544071186761073], [84.13357737239187, 27.544725871928847], [84.13403578569489, 27.54539901911835], [84.13437671572717, 27.545946933576715], [84.13469610764258, 27.54650506463986], [84.13604672931967, 27.54896988896138], [84.13625985243954, 27.54904427108744], [84.13705526030833, 27.54935761108834], [84.13783484527096, 27.549701097500588], [84.13859716997001, 27.55007409708594], [84.13929586439389, 27.550450507815242], [84.14186727096939, 27.55189963062645], [84.14243544952711, 27.552231840200648], [84.1429908057878, 27.552580851620746], [84.1435327145121, 27.552946272032727], [84.14406056557863, 27.55332769010886], [84.14459876415856, 27.553744713466415], [84.14512015783185, 27.554178366540555], [84.14562409998064, 27.554628111691898], [84.14610996560077, 27.555093391323283], [84.14880861605161, 27.55777061321885], [84.14925580964808, 27.558229553720082], [84.14994107373724, 27.558998775202838], [84.15057838071937, 27.559800077776117], [84.15271335068996, 27.562645373037014], [84.15307401299958, 27.563143529077877], [84.15341612547911, 27.563651971978288], [84.15384123670566, 27.564342298280224], [84.15423216030479, 27.565048491737343], [84.15458815162953, 27.56576920835738], [84.15490853247354, 27.566503076482093], [84.15519269236592, 27.56724869939609], [84.15544008973859, 27.56800465798443], [84.15565025296104, 27.568769513431505], [84.15582278124441, 27.56954180995848], [84.15599519331306, 27.57059184053759], [84.15609805813511, 27.57164908576283], [84.15640854284368, 27.576490541104874], [84.15644153695371, 27.577517353121266], [84.15642821449853, 27.578174818184436], [84.15638802299617, 27.57883141437003], [84.1560658722911, 27.582772364562743], [84.15610064030818, 27.583522799136745], [84.15677896375252, 27.583725712110493], [84.15760265033492, 27.584011070462736], [84.1584115880541, 27.58432816587947], [84.15920423760929, 27.584676395018164], [84.15997909064953, 27.58505509529232], [84.16098088218212, 27.585605519309638], [84.16194511491665, 27.586206849126484], [84.16928593411075, 27.59107348954285], [84.1702134376107, 27.591726635592067], [84.17092953471786, 27.59228798962772], [84.17161518740483, 27.5928787504738], [84.1775944978624, 27.598278531164112], [84.18326148174776, 27.603220410526944], [84.18395267212736, 27.60385334153409], [84.18460829306889, 27.604515629386924], [84.1851616499826, 27.60512968472608], [84.18568441997081, 27.605764656172028], [84.18617560766273, 27.60641933536624], [84.18663427773942, 27.607092476424327], [84.18706956684429, 27.607799944650765], [84.18862374466875, 27.610465506354387], [84.18891736647441, 27.610989705698955], [84.18919173818199, 27.611522117141135], [84.1894465704965, 27.612062179855002], [84.1896815946929, 27.612609324946334], [84.19006026112493, 27.61362902926163], [84.19089104006747, 27.616111574750505], [84.1911679754374, 27.61702609589446], [84.19139067030528, 27.61795229889566], [84.19169904771047, 27.61942218674767], [84.19207964975175, 27.61944440334048], [84.1929584388331, 27.61953011616845], [84.19383219590048, 27.619649885727654], [84.19468209948002, 27.619800103261923], [84.19552401858635, 27.619982543800518], [84.19923369199176, 27.620861586627484], [84.20009993232247, 27.621085335731152], [84.20095413978777, 27.621343193807206], [84.20145597356782, 27.621516007526964], [84.20360142195455, 27.62163227395405], [84.20474932962856, 27.621723710782305], [84.20588954696365, 27.621873121422595], [84.20675662707185, 27.62202671978224], [84.20761536280162, 27.622213854737936], [84.20846412023451, 27.622434170234953], [84.20930128441017, 27.62268724708514], [84.20986270856338, 27.622877663574457], [84.21416981576391, 27.624403884553715], [84.21484689177942, 27.62465653654158], [84.21551325213846, 27.624930863677207], [84.21616802258205, 27.625226506077524], [84.2168103440348, 27.625543075893404], [84.21734419576615, 27.625827365797022], [84.21979699456824, 27.62717944010626], [84.22040965874896, 27.62753087644637], [84.22100774327026, 27.62790170360182], [84.22159047480454, 27.628291442180682], [84.22215709984869, 27.628699588338804], [84.22280762272032, 27.629207102489318], [84.22343324691406, 27.629738872283724], [84.22522449518942, 27.631327770426196], [84.22573917868328, 27.63180128145251], [84.22623411302942, 27.632291210683377], [84.22875599234709, 27.634881066550918], [84.22896872592963, 27.635103129437198], [84.22952223673485, 27.63571718198631], [84.2300451521262, 27.63635215055183], [84.23053647645605, 27.637006826781146], [84.23099527414439, 27.637679964795836], [84.23131608986841, 27.638193818170407], [84.23161794484128, 27.63871670433997], [84.23190051853425, 27.63924806854118], [84.23216351086188, 27.639787347007143], [84.23274611007042, 27.641037278754595], [84.23333000914971, 27.640922554876738], [84.23417792860153, 27.64077275984789], [84.23522256695213, 27.640633634971834], [84.23627392387095, 27.640543161502592], [84.24110790592084, 27.640240060367432], [84.2420702487579, 27.640200141784874], [84.24524905714577, 27.640135612210997], [84.2457112300001, 27.640130919130968], [84.24659522739734, 27.64014809430853], [84.2474775428825, 27.640199587162954], [84.2483564977386, 27.64028529972211], [84.24923041963365, 27.640405068905466], [84.24950998263944, 27.640450763518743], [84.25328646561701, 27.641092381659405], [84.25408216815606, 27.641242352211975], [84.25487047548978, 27.64142062994341], [84.25565011855969, 27.64162692785925], [84.25641984223506, 27.64186091385659], [84.25724396384015, 27.642146269709485], [84.25805332880986, 27.642463362351236], [84.25884639703162, 27.642811588445227], [84.2596216593596, 27.643190285410924], [84.26046045801411, 27.643645960605], [84.2627153556598, 27.644938694913435], [84.26310225303718, 27.645166111828757], [84.26641862837386, 27.647164244312762], [84.26726946391278, 27.64770586590498], [84.26808779940887, 27.64828584690241], [84.26870416953551, 27.64876552055415], [84.26929829132268, 27.64926696388244], [84.27135767483492, 27.65107669083011], [84.27349721454283, 27.65104604758767], [84.27382361000014, 27.651043707554265], [84.27470769513002, 27.651060882703405], [84.27559009818128, 27.651112375472735], [84.27646914027088, 27.65119808789052], [84.2773431489008, 27.651317856876517], [84.27821046113638, 27.65147145455279], [84.27906942676458, 27.651658588676298], [84.27991841143046, 27.651878903194188], [84.28075579974222, 27.652131978920295], [84.2815352906112, 27.65240090278587], [84.28230166934787, 27.652698215393116], [84.2850202196147, 27.65381276168921], [84.28585841749452, 27.65417743497443], [84.28667688878687, 27.6545760609161], [84.28721767357041, 27.65486409437949], [84.29249025814806, 27.6577721289176], [84.2930489241856, 27.657888649748486], [84.29501535718265, 27.65807101585898], [84.29859536033575, 27.658215051672983], [84.29924975808757, 27.65825081992392], [84.29990251494007, 27.658305411260528], [84.30055294828526, 27.658378768594957], [84.3012003779404, 27.658470815214343], [84.30206774661951, 27.65862441272469], [84.30292676814935, 27.658811546645893], [84.30377580806856, 27.65903186092595], [84.30461325088095, 27.65928493637881], [84.30550476856797, 27.659595221926622], [84.30637884594398, 27.65994263194665], [84.30942951521422, 27.661232843439336], [84.3103694988792, 27.661657379777694], [84.31384306172953, 27.663328578442986], [84.31411976775172, 27.663450923780772], [84.31641144435076, 27.66396984219068], [84.31933187976642, 27.664558437876167], [84.3205719388817, 27.664845305695053], [84.32178917415604, 27.665201340821625], [84.32284310200396, 27.665572843701625], [84.32387206675259, 27.665996210021376], [84.32679062292408, 27.66728634306338], [84.32791067035294, 27.66782103059478], [84.3286665172406, 27.6682293041319], [84.32940165706356, 27.668666527435846], [84.33011469189739, 27.66913186924006], [84.33080426579386, 27.669624444806516], [84.33292959196245, 27.67121160008395], [84.33359531278506, 27.671731243345562], [84.33423428727656, 27.672275703870014], [84.33484598468817, 27.67284445759026], [84.33542924058366, 27.67343642221425], [84.33569417336787, 27.67372339087268], [84.33755544764921, 27.675782251954274], [84.33819900933207, 27.676533551997807], [84.33879753399373, 27.6773138033804], [84.34046091185871, 27.679608921967485], [84.34098153251159, 27.680367638394614], [84.34140709529964, 27.6810579528086], [84.34167098953765, 27.68153415685441], [84.34510472221183, 27.68295192035174], [84.34592786348577, 27.683311641514308], [84.35010939489575, 27.67784516022232], [84.35070380156367, 27.677108400825205], [84.35133903047773, 27.67639915706866], [84.35192230211777, 27.675807192705975], [84.35253401604018, 27.67523843923709], [84.35317300777683, 27.674693978953655], [84.35383806100748, 27.674174847903714], [84.35438606702616, 27.67377980309635], [84.35494916936142, 27.67340196224211], [84.3562418307045, 27.672565541293068], [84.35677752225911, 27.67214137389675], [84.35741840761915, 27.671682099351244], [84.35768452518982, 27.671499185406617], [84.35797022884805, 27.67124349547339], [84.35862784240226, 27.670680852365308], [84.35931320907162, 27.670145109963016], [84.35985181478736, 27.669756593959676], [84.360405021789, 27.669384698255215], [84.36097218330713, 27.669029857548196], [84.36155263628115, 27.66869248659816], [84.36305610972681, 27.66785090187676], [84.36371159934191, 27.667499169873622], [84.36427309334664, 27.667221062242618], [84.36484420211707, 27.6669589358371], [84.36542435205456, 27.666713053897183], [84.36601296049264, 27.666483663348686], [84.36810494896969, 27.665703289796966], [84.36900642398291, 27.665389311280364], [84.36941168906077, 27.6652623158152], [84.37157466136387, 27.664607346134403], [84.37234718374685, 27.66438865204026], [84.37312890620018, 27.664197629332193], [84.37491614962721, 27.66379491249137], [84.37564036593011, 27.663644249333515], [84.37637030041776, 27.66351733815395], [84.37709515124209, 27.66341556455251], [84.377823663237, 27.663337213558577], [84.37855488214569, 27.663282387801814], [84.37928785017084, 27.663251159097058], [84.38105275044279, 27.66320443665228], [84.38165542000007, 27.663196459215783], [84.3828971747082, 27.66323035052403], [84.38413426736747, 27.663331897206206], [84.38618252827035, 27.663556551135628], [84.38705125977185, 27.663668876686984], [84.38898210550121, 27.663956650770842], [84.38915510450352, 27.663983119348416], [84.39002251669416, 27.664136716730695], [84.39088158131767, 27.664323850496032], [84.39173066383114, 27.6645441645926], [84.39256814865695, 27.664797239834968], [84.393405030113, 27.665087240675575], [84.3951488809094, 27.665731464408054], [84.39577059060593, 27.665972059353805], [84.39638291995686, 27.666231025885224], [84.39732584518669, 27.666647145564355], [84.39789664093195, 27.66690914533166], [84.39845783186814, 27.667187109174222], [84.39928000914199, 27.667633160965977], [84.40007747786166, 27.668113462714587], [84.40132772519274, 27.668905618286658], [84.40197513550959, 27.669333325091202], [84.40260293804715, 27.66978360925083], [84.40351069159647, 27.670503994845546], [84.40353372806038, 27.67052341064806], [84.40455212229904, 27.671138115081362], [84.40523059835516, 27.671565969281403], [84.40643384627157, 27.672358216202667], [84.4074090846388, 27.67304242567218], [84.40804790139157, 27.673540201081835], [84.40866275499548, 27.674061348723342], [84.41031578217888, 27.67552236092024], [84.41043486307086, 27.67563319097701], [84.41169355813139, 27.67611742713541], [84.41250309880735, 27.67644782966778], [84.41329556433857, 27.676809560836148], [84.4141387399593, 27.67721549087065], [84.41723305281516, 27.67833747135637], [84.41787047898816, 27.678579975623734], [84.41849822281381, 27.67884173554114], [84.41911555063768, 27.67912244521318], [84.41972174096088, 27.679421776597167], [84.4206040430804, 27.679902292711574], [84.42090134517127, 27.680073630553807], [84.421601617291, 27.68026690731284], [84.42253126278035, 27.680545598288347], [84.42264791915238, 27.680583751223935], [84.42509900309796, 27.681392958393985], [84.42582125151739, 27.681645491894244], [84.42653211907475, 27.68192244101209], [84.42855963039892, 27.682753828756518], [84.42939640481472, 27.683117906133646], [84.4302135189431, 27.683515805775244], [84.43119386667888, 27.684053164319778], [84.4353671239491, 27.68648863065272], [84.44050798978157, 27.68948635580864], [84.4414898709959, 27.690096494837405], [84.44242958726642, 27.690757160587737], [84.44325007396577, 27.69140429560389], [84.44407676154907, 27.692092704183835], [84.44494296155818, 27.692858820099786], [84.44575579293536, 27.693669955373593], [84.44630959908045, 27.69428400257476], [84.44683279352148, 27.694918965619024], [84.4473243800789, 27.69557363616525], [84.44778698198377, 27.69625225839104], [84.44826434946992, 27.69698915925011], [84.44868780129036, 27.697676939936912], [84.44907728822074, 27.698380444916324], [84.44943207427303, 27.699098346009066], [84.44975148893218, 27.699829287829573], [84.44998785841028, 27.70044090868805], [84.45019945667667, 27.701059674791622], [84.45083146993744, 27.70303412670438], [84.45111883608143, 27.703880902475305], [84.45143232123417, 27.704914426128425], [84.45167641282768, 27.705962673353838], [84.45179550100255, 27.706637605224387], [84.45188580384576, 27.707316064894314], [84.45194719142933, 27.707997080210987], [84.45197957525119, 27.708679675342182], [84.45200750256515, 27.709747581279203], [84.45201299281894, 27.710164564816694], [84.45199383707097, 27.710951816029365], [84.45193611457557, 27.711737574211043], [84.45183993438695, 27.712520343579115], [84.4517054787782, 27.713298634009107], [84.45162298740178, 27.713690053857306], [84.45127620756227, 27.7152408528313], [84.45106454706303, 27.716081930940902], [84.45080800283966, 27.716913056306737], [84.450319455937, 27.71835960370595], [84.44995577833924, 27.719334787442392], [84.44992128362213, 27.719418523466004], [84.44922586010085, 27.721093792576255], [84.44910360575466, 27.721689559272534], [84.44895200586166, 27.722356839510326], [84.44877223229389, 27.72301855691279], [84.44856454035931, 27.723673769864092], [84.44832922510972, 27.724321545986413], [84.44802468594571, 27.725108809654728], [84.44796177533726, 27.725377363961684], [84.44781788031213, 27.72594556119992], [84.44765345485007, 27.726509330561782], [84.44674697472868, 27.72942309644884], [84.44656655174941, 27.729961200101343], [84.4464219368931, 27.73101315553896], [84.44625235609539, 27.732376531330033], [84.44617044483397, 27.732950698652076], [84.4460678843144, 27.733522233617748], [84.44594211039174, 27.734101871467487], [84.44579509717488, 27.734677538929816], [84.44562700163823, 27.73524862002654], [84.44543800332315, 27.735814503677773], [84.44527557111303, 27.736273223322087], [84.44496029280754, 27.737727404711393], [84.44479264237992, 27.73842601282746], [84.44459404943592, 27.73911817034383], [84.44436482455257, 27.73980279277032], [84.44410532632219, 27.740478807403406], [84.4438663212677, 27.741034641401427], [84.44360684668527, 27.74158316161555], [84.44313962562285, 27.742527003271448], [84.44266860724889, 27.743412530844466], [84.44223223538722, 27.744129483286088], [84.44215301522507, 27.744365583632828], [84.44212658665481, 27.744471183302437], [84.44205944729384, 27.74483888015976], [84.44188646340587, 27.745613524173564], [84.44167623448021, 27.746378419707696], [84.44142870142144, 27.747134428212348], [84.4411443347206, 27.747880110386518], [84.44082367502483, 27.748614046560192], [84.44046733211428, 27.749334839398443], [84.44007598374475, 27.7500411165621], [84.43965037436288, 27.750731533323574], [84.4391913136925, 27.751404775128265], [84.43869967519691, 27.75205956009887], [84.43817639441852, 27.752694641478172], [84.43762246720104, 27.75330881000508], [84.43703894779611, 27.75390089621925], [84.43642694685644, 27.754469772689447], [84.43578762932418, 27.75501435616286], [84.43512221221204, 27.755533609629595], [84.43443196228776, 27.756026544299743], [84.43371819366098, 27.75649222148826], [84.43298226528105, 27.756929754404325], [84.4322255783477, 27.75733830984251], [84.43144957364188, 27.757717109770454], [84.43065572877947, 27.758065432813737], [84.42984555539635, 27.758382615630296], [84.42902059626584, 27.758668054175644], [84.42818242235865, 27.758921204855085], [84.42733262984677, 27.75914158555952], [84.42647283706117, 27.75932877658613], [84.42560468140465, 27.75948242143761], [84.42472981623035, 27.759602227502796], [84.42384990768846, 27.75968796661408], [84.42296663154752, 27.75973947548357], [84.42208167000007, 27.75975665601345], [84.4211967084525, 27.75973947548357], [84.42031343231173, 27.75968796661408], [84.41943352376978, 27.759602227502796], [84.41855865859554, 27.75948242143761], [84.41769050293902, 27.75932877658613], [84.41683071015325, 27.75914158555952], [84.41598091764149, 27.758921204855085], [84.41514274373412, 27.758668054175644], [84.41431778460378, 27.758382615630296], [84.41350761122067, 27.758065432813737], [84.41271376635831, 27.757717109770454], [84.41193776165227, 27.75733830984251], [84.41118107471891, 27.756929754404496], [84.41044514633916, 27.75649222148826], [84.40973137771238, 27.756026544299743], [84.40904112778816, 27.755533609629595], [84.40837571067595, 27.75501435616286], [84.40773639314352, 27.754469772689447], [84.40712439220403, 27.75390089621925], [84.40654087279898, 27.75330881000508], [84.40598694558162, 27.752694641478172], [84.40546366480328, 27.75205956009887], [84.40497202630746, 27.751404775128265], [84.40451296563731, 27.750731533323574], [84.40408735625545, 27.7500411165621], [84.40369600788591, 27.749334839398443], [84.40333966497514, 27.748614046560192], [84.40301900527959, 27.747880110386518], [84.40273463857869, 27.747134428212348], [84.40248710551992, 27.746378419707696], [84.4022768765941, 27.745613524173564], [84.40210435124561, 27.74484119779987], [84.40196985711657, 27.74406291089298], [84.40187364943063, 27.74328014507563], [84.40181591051157, 27.74249439046565], [84.40179674944363, 27.74170714283906]]]}}, {"type": "Feature", "properties": {}, "geometry": {"type": "Polygon", "coordinates": [[[84.40179674944363, 27.74170714283906], [84.40181620186962, 27.740919900781932], [84.40187422992932, 27.740134162837876], [84.40197072233804, 27.739351424656434], [84.40210549460483, 27.73857317614454], [84.4022782893897, 27.73780089863328], [84.40248877699946, 27.73703606205663], [84.40273655602107, 27.736280122156302], [84.40302115409207, 27.735534517710732], [84.4033420288041, 27.73480066779848], [84.40369856874088, 27.734079969098673], [84.40409009464696, 27.733373793233], [84.40451586072447, 27.732683484158372], [84.40497505605725, 27.73201035561027], [84.40546680615711, 27.7313556886038], [84.40599017463205, 27.730720728998165], [84.40654416497085, 27.73010668512802], [84.407127722442, 27.729514725504828], [84.40773973610271, 27.728945976596606], [84.4083790409141, 27.72840152068494], [84.4090444199602, 27.72788239380924], [84.40973460676281, 27.727389583795855], [84.41044828769299, 27.726924028381177], [84.41118410446887, 27.726486613429074], [84.41194065673983, 27.72607817124748], [84.41271650475022, 27.72569947900655], [84.41351017207603, 27.725351257261252], [84.41432014843292, 27.72503416858291], [84.415144892547, 27.724748816299098], [84.41598283508404, 27.72449574334854], [84.4168323816329, 27.72427543124826], [84.41769191573474, 27.7240882991793], [84.41855980195487, 27.723934703190082], [84.41943438899125, 27.723814935520124], [84.42031401281059, 27.72372922404452], [84.42119699981072, 27.72367773184095], [84.42208167000007, 27.723660556880645], [84.42296634018948, 27.72367773184095], [84.4238493271896, 27.72372922404452], [84.42472895100889, 27.723814935520124], [84.42560353804527, 27.723934703190082], [84.42584616826184, 27.723977643182934], [84.4263453120958, 27.72384820017305], [84.42720484284672, 27.723661068091985], [84.42807272568365, 27.72350747209299], [84.42928570649133, 27.723350638001648], [84.43055674112139, 27.723221048882692], [84.43170940013283, 27.72313307266012], [84.43286582000007, 27.723103715427555], [84.43405921800081, 27.7231349818087], [84.43524848249177, 27.72322867265575], [84.43621430663956, 27.723330326282962], [84.43735365341877, 27.7234795320212], [84.43822153603452, 27.723633128020936], [84.43908106656625, 27.723820260102855], [84.43993060958667, 27.724040572218257], [84.44076854864329, 27.72429364518638], [84.44187378067863, 27.724684568881912], [84.44317089101975, 27.725183014661127], [84.44423576765848, 27.725625203271136], [84.44527008727192, 27.726121521344908], [84.44583792699098, 27.726424296116363], [84.44639436362911, 27.726743397231644], [84.4475510057843, 27.727430714517084], [84.4484552199126, 27.728000395223603], [84.44932313698467, 27.728613155251196], [84.44991535308964, 27.729072927753407], [84.45048711175883, 27.729552768689985], [84.45249596254786, 27.731305285678957], [84.45258123033125, 27.73138011177093], [84.45329028900079, 27.732006019682387], [84.45393147172672, 27.732598397908646], [84.45454166600564, 27.733216150229964], [84.45526835707511, 27.73403333659212], [84.45607306046458, 27.73499397344375], [84.45675281689421, 27.735856913281737], [84.45724937042121, 27.736572811523047], [84.45780125934635, 27.73635796072051], [84.45972929753555, 27.735639568247848], [84.46062802282404, 27.735326832163537], [84.46080896230006, 27.735269106800956], [84.46229062069301, 27.734803438049028], [84.46308540329773, 27.734569934488718], [84.46389033267684, 27.734365800301134], [84.46470403884882, 27.734191382910012], [84.46552513691637, 27.73404697916095], [84.4663806869952, 27.73392945903504], [84.4672410920407, 27.733844523267635], [84.46810478556716, 27.733792326496655], [84.46897019511067, 27.733772963753097], [84.4700063542819, 27.73376945432244], [84.47008366, 27.733769323262493], [84.47096841180786, 27.733786498196537], [84.47185148027137, 27.733837990321035], [84.47273118524441, 27.73392370166539], [84.47360585297093, 27.73404346915197], [84.4742680933046, 27.734157485058006], [84.47492570839921, 27.734291027600875], [84.47558570911076, 27.734435364857177], [84.47664204549551, 27.73469347388948], [84.4776811866011, 27.73500194136892], [84.47850600790395, 27.73528729321066], [84.47931606007063, 27.735604381398332], [84.48010980168311, 27.73595260260504], [84.48088572231575, 27.73633129426105], [84.48164234540707, 27.736739735812023], [84.48237823106632, 27.737177150089792], [84.48309197881201, 27.737642704787334], [84.48378223023548, 27.738135514042824], [84.48434398729222, 27.738570708714406], [84.48488741239908, 27.739023958646385], [84.48541177282897, 27.73949465288905], [84.4859163615248, 27.739982156971166], [84.48643677685698, 27.740503850768278], [84.48680319339547, 27.740881552808276], [84.48735723826945, 27.74149559569304], [84.48788065827137, 27.742130554281005], [84.48837245679204, 27.742785220240137], [84.48883169734694, 27.74345834771333], [84.48925750536176, 27.744148655687354], [84.4896490698402, 27.74485483042912], [84.49000564491064, 27.745575527984442], [84.4903265512504, 27.746309376733166], [84.49059526712057, 27.747010312530392], [84.49097690637518, 27.748076929995307], [84.4911714745158, 27.748653840661405], [84.49134429825938, 27.749236205937223], [84.49149518479567, 27.749823377281814], [84.49162396573627, 27.750414700791794], [84.49178991322634, 27.751413749023527], [84.49189279085772, 27.752419490828515], [84.49196822758125, 27.753487229921404], [84.4920081824788, 27.754616412029407], [84.49200684016444, 27.754827020938762], [84.49197190083072, 27.757528565885764], [84.4919463000262, 27.758250766567073], [84.49188070886561, 27.75938179598387], [84.4917783607296, 27.76048624270834], [84.49160000446847, 27.761583019191676], [84.49139455783148, 27.762485167867453], [84.49107041316358, 27.763742793441793], [84.49081117892757, 27.76464177837363], [84.4905003304624, 27.765527719621787], [84.49003467918789, 27.766743953226808], [84.48989544200964, 27.767095672163464], [84.48952687821821, 27.767931519148362], [84.48911203279533, 27.7687500262561], [84.48831765142859, 27.770218699574002], [84.4877933015515, 27.77112206103095], [84.48699806594237, 27.77240228150316], [84.48681480894703, 27.772697127302138], [84.48671802970341, 27.77292703096498], [84.48636160773412, 27.773647821316843], [84.48597017251939, 27.774354096048853], [84.48554446867087, 27.775044510438022], [84.48525007332898, 27.77548370603415], [84.48482874306228, 27.77609248783284], [84.48447169367813, 27.776589974137778], [84.48409654318328, 27.777076809391986], [84.48370369265069, 27.77755247281317], [84.48329356210394, 27.778016455563034], [84.48127720978255, 27.78022228145528], [84.48107866131869, 27.780436103473676], [84.48055975233694, 27.780965020280007], [84.48001810521384, 27.78147558772895], [84.47868337276202, 27.782685659524418], [84.47860425096843, 27.782787299572817], [84.47805283793872, 27.78346178686604], [84.47746697411532, 27.784112897164675], [84.47700127838374, 27.78458943687548], [84.47651712191703, 27.785051196231734], [84.47601509720721, 27.785497609933657], [84.4754958186441, 27.785928131461276], [84.47439230295589, 27.78681143807438], [84.47386263069836, 27.787220885417923], [84.47309598224518, 27.787765574233617], [84.4717569379523, 27.788670631251534], [84.47116748121238, 27.78905434884149], [84.47056287376591, 27.78941894814409], [84.469364248548, 27.790114072706274], [84.46842780630658, 27.790625544035038], [84.4676515654188, 27.791004342215217], [84.46685747893264, 27.791352663652845], [84.46604705894464, 27.7916698450087], [84.46522471269469, 27.791960179129717], [84.46510374162762, 27.79203750223496], [84.4641014384602, 27.792587319565314], [84.4633812694716, 27.792940049355764], [84.46264562176134, 27.7932665450964], [84.46109328227169, 27.79392090113953], [84.46022684490396, 27.79426430129388], [84.45934330486784, 27.79457131579892], [84.45825573217724, 27.794892767934584], [84.45714948341532, 27.795159103407002], [84.45536031293295, 27.795541963871756], [84.45413738067617, 27.79576847803918], [84.45404699881453, 27.795782465403192], [84.45185965348105, 27.79611642887039], [84.45117077586605, 27.79621079969212], [84.45103324096345, 27.79622536080211], [84.45107720046298, 27.796477521844906], [84.45121749573877, 27.797255070824576], [84.45131403959135, 27.79803780241292], [84.45137209873246, 27.798823533752113], [84.45139156181625, 27.799610769205685], [84.45139071166005, 27.79977896799852], [84.45137389509784, 27.80141242037115], [84.45137180462677, 27.801516287608138], [84.45160483102603, 27.801654716728706], [84.45231899975761, 27.80212026691362], [84.45270319854313, 27.80239440364295], [84.45447840840882, 27.802065839308625], [84.45509086955371, 27.801961173744758], [84.45531783493868, 27.80192677160977], [84.45736664973742, 27.801626829770896], [84.45818627213902, 27.80152205272981], [84.45901001739446, 27.801447087223494], [84.4598365150303, 27.80140205797312], [84.46066439000015, 27.80138703989445], [84.46099375173537, 27.801389416072993], [84.46112183415289, 27.801391263200912], [84.46164372315388, 27.801319846140075], [84.46252397027052, 27.80123413567162], [84.46340758294565, 27.801182644073435], [84.46429287999996, 27.80116546931515], [84.46494490981644, 27.801174783673105], [84.46559626684143, 27.801202717136675], [84.46663331643629, 27.801262047502178], [84.4677475631729, 27.801353271000437], [84.46885446553347, 27.80149895255579], [84.46972296722447, 27.801652546739717], [84.47058311088745, 27.801839676610257], [84.4714332599305, 27.80205998612348], [84.47227179675076, 27.802313056104254], [84.4730971258083, 27.802598405041635], [84.47390767665803, 27.802915490004352], [84.47470190693457, 27.803263707672613], [84.47547830528396, 27.803642395483678], [84.47629834494444, 27.804089144305237], [84.4788134988504, 27.80359414091498], [84.4796760717835, 27.803441717554108], [84.48053147719577, 27.803324279748324], [84.48139173412369, 27.803239373662223], [84.48225527886001, 27.803187153631768], [84.48312054172976, 27.803167714578592], [84.48362994418437, 27.803165927753128], [84.48454672885885, 27.802816258775124], [84.48560708500327, 27.802442816421944], [84.48644562281964, 27.802189746446345], [84.48729577287259, 27.801969436937213], [84.48815591755732, 27.801782307070425], [84.4890244202802, 27.801628712889453], [84.48977257778063, 27.801524181049558], [84.49052459890618, 27.801444538406713], [84.49127943707094, 27.801389895799275], [84.4920360417741, 27.801360329273507], [84.49314342885162, 27.801335443321932], [84.49365635999999, 27.801329679744356], [84.49454165838517, 27.801346854502526], [84.49542527238867, 27.80139834609946], [84.49630552082846, 27.801484056565755], [84.49718072891687, 27.801603822825598], [84.49730500024026, 27.80162580013905], [84.49781764756784, 27.801351290332548], [84.49838312393774, 27.801071618590072], [84.49953523416559, 27.800522997287203], [84.50015049162926, 27.800241902808636], [84.50077616050135, 27.799979612485515], [84.50141151429119, 27.799736430846224], [84.50205581527848, 27.7995126402314], [84.50346746660642, 27.799046801292945], [84.50358822330725, 27.799007338007698], [84.50436708950315, 27.79877107833221], [84.50515608289908, 27.79856308627609], [84.50689776616281, 27.79813789298879], [84.50781772713634, 27.797933719806792], [84.50874740482925, 27.797767972957274], [84.50960160380214, 27.797650672134694], [84.51046064301681, 27.797565814771815], [84.5113229652049, 27.797513554698014], [84.51218700715611, 27.79749398665092], [84.5135064990294, 27.797489087448128], [84.51359136000008, 27.79748892970406], [84.51433572453362, 27.797501070658996], [84.51507908791888, 27.79753747719434], [84.51582045035184, 27.79759810034443], [84.516558814716, 27.797682858571534], [84.51981252421604, 27.798110399756524], [84.52036984880658, 27.798190684044926], [84.52123832419636, 27.79834427830599], [84.52209844181044, 27.798531408270264], [84.52294856510667, 27.798751717893992], [84.52378707653105, 27.79900478800164], [84.52440053749962, 27.799213361392162], [84.52500609065163, 27.79943947384146], [84.52585596679796, 27.79977129440556], [84.5268635435267, 27.800194382881273], [84.52784349877095, 27.800665998791715], [84.52860056708988, 27.801074436383544], [84.52933688580026, 27.80151184642557], [84.53005105359767, 27.80197739662043], [84.53074171127435, 27.802470201115227], [84.53140754430535, 27.802989322185113], [84.53204728534934, 27.803533772015726], [84.53265971665923, 27.80410251458096], [84.53324367240185, 27.80469446761191], [84.53332788511813, 27.804784275313636], [84.5340859216663, 27.805598010835638], [84.53461596400751, 27.806191957517342], [84.53511748821018, 27.806805174485532], [84.53558960885249, 27.807436579719763], [84.5360314923513, 27.808085059088455], [84.53648534719781, 27.808822992080707], [84.53690004998958, 27.809578923946958], [84.53806590089107, 27.811836010594675], [84.5383536349529, 27.812420032521516], [84.53885379605174, 27.813486055698945], [84.53919337185391, 27.81425939368586], [84.53925535047256, 27.81441287858604], [84.53927802923937, 27.814469848066892], [84.53973474116486, 27.81437049916798], [84.5406033440077, 27.81421690528032], [84.54087560383482, 27.814175923739185], [84.54221793041575, 27.813982204872104], [84.54302649701287, 27.813880306994577], [84.54383901787645, 27.81380740481319], [84.544654178472, 27.81376361627315], [84.54547066000009, 27.813749012217386], [84.54653000080077, 27.81377360299922], [84.54758645578221, 27.81384730835481], [84.55060433470197, 27.814128452829493], [84.5513108056287, 27.814205413515822], [84.55201380881539, 27.814304345505377], [84.552882412354, 27.814457939390877], [84.55374265688647, 27.81464506889813], [84.5545929056297, 27.81486537798395], [84.5554315407914, 27.815118447473765], [84.55609887340438, 27.815346274482067], [84.55675677282323, 27.815594848891124], [84.55822089557495, 27.816175292572836], [84.55917432207309, 27.816580027996338], [84.56010277938606, 27.817028315585958], [84.56076527030223, 27.817383453924606], [84.56141206493021, 27.81776077481328], [84.56308364573931, 27.818776925467773], [84.5648531843662, 27.819739748118877], [84.56555754711906, 27.820140951376345], [84.56624272533651, 27.820567611452134], [84.5673305177965, 27.821275108459588], [84.56786818261156, 27.821637139979543], [84.5683920267528, 27.822014849758034], [84.56905797903295, 27.822533969304857], [84.5696978346628, 27.82307841754033], [84.57031037567765, 27.823647158441645], [84.5708944360349, 27.824239109743132], [84.57151852108768, 27.82493425659254], [84.57210333435819, 27.82565589160191], [84.57319496046983, 27.827075361104335], [84.57361798511732, 27.827648484290762], [84.57401622744783, 27.828235474486974], [84.57444236624121, 27.82892577379215], [84.57483423495722, 27.829631939681974], [84.57519108714251, 27.830352628219998], [84.57551224294474, 27.83108646780414], [84.57579709040948, 27.83183206177648], [84.57604508665042, 27.832587991079095], [84.57625575888812, 27.8333528169548], [84.57642870535454, 27.834125083682693], [84.57654760574803, 27.834797885942976], [84.57663786751732, 27.835474196942528], [84.57671191400982, 27.83613541321381], [84.57725815248648, 27.838063159034164], [84.57731944242988, 27.8382853901324], [84.57765610679405, 27.839540432670788], [84.57772832255063, 27.839819429306147], [84.57804142947799, 27.84107453499911], [84.57820004733162, 27.841775831331233], [84.57850138038151, 27.843259688337753], [84.57851527265018, 27.843328867303228], [84.57853597948053, 27.84344787305946], [84.58008344243262, 27.844007168393375], [84.58072467793573, 27.84425040499508], [84.58135614360788, 27.84451306404145], [84.58197709518032, 27.844794835980736], [84.58258680075897, 27.84509538873391], [84.58334417741406, 27.84550382358799], [84.58408079602816, 27.845941230701214], [84.58479525472643, 27.846406777782477], [84.5854861937483, 27.8468995789853], [84.58575145142015, 27.847100850644722], [84.58687482690806, 27.847968163889448], [84.58706778645598, 27.84812454116394], [84.58721761773472, 27.84820533950176], [84.58795425460659, 27.84864274643695], [84.58866873101437, 27.84910829332864], [84.58935968716412, 27.84960109433132], [84.58997336663577, 27.850077659403155], [84.59056504326685, 27.850575724817872], [84.59113376408095, 27.851094488627382], [84.59167861302382, 27.851633115544303], [84.59275772287009, 27.852743927164056], [84.59294195829489, 27.852936276948697], [84.59349657211357, 27.853550309569016], [84.59402052967852, 27.85418525756006], [84.59451283335562, 27.854839912611283], [84.59497254569709, 27.85551302888831], [84.5953987912282, 27.856203325400713], [84.59547784922995, 27.85634575538711], [84.5958339773502, 27.85617213973495], [84.59662859292246, 27.855823924852075], [84.59743953696773, 27.85550684242793], [84.59826526637346, 27.855221495776732], [84.59860466336596, 27.855114740813463], [84.60001789810707, 27.85468269744615], [84.60076014575907, 27.8544698537886], [84.60151103947089, 27.85428249681513], [84.60226947199016, 27.854120902790555], [84.60303432496471, 27.853985309989582], [84.60447145812702, 27.853755936809193], [84.6045350665313, 27.853745877055644], [84.6054106929517, 27.853626111743836], [84.6062913621272, 27.85354040195631], [84.60717539847121, 27.853488910767055], [84.60806112000006, 27.85347173614514], [84.60880191452014, 27.853483748445626], [84.60954172324415, 27.853519769362208], [84.61027956168584, 27.853579750960193], [84.6110144479776, 27.85366361341977], [84.61311654078975, 27.853938209111902], [84.61368961235365, 27.85402051776316], [84.61487079850059, 27.854237930778595], [84.61546866594222, 27.854381345383047], [84.61549719073787, 27.85431618092963], [84.61585412147366, 27.85359549494393], [84.61624607642807, 27.852889331559425], [84.6166723089836, 27.852199034707553], [84.61710946676078, 27.851557428136687], [84.61757623688663, 27.85093251939577], [84.61807181280915, 27.850325387623514], [84.6185953382755, 27.849737081242836], [84.61904919066444, 27.84924829197155], [84.61915673434345, 27.84913344069122], [84.61974092810294, 27.848541491593494], [84.62035360901058, 27.847972752812836], [84.62099361075781, 27.847428306610198], [84.62165971510154, 27.846909189004407], [84.62235065418423, 27.846416387802265], [84.62306511294554, 27.84595084072174], [84.62380173162467, 27.845513433609085], [84.62455910834638, 27.84510499875563], [84.62555035040032, 27.844628490529885], [84.62656979963253, 27.844201592219918], [84.62857433371471, 27.84342181867305], [84.62916919401118, 27.843200345872788], [84.62977166518391, 27.842995775798272], [84.63061051465928, 27.84274270737751], [84.63076058583414, 27.842703832333882], [84.63083504386765, 27.842613592577777], [84.63138960201161, 27.841999558954512], [84.6315348833291, 27.841847411103913], [84.63182992469143, 27.841541863541067], [84.63238308929374, 27.840992133756174], [84.63296105443118, 27.8404629509331], [84.63356285483746, 27.83995519854733], [84.63418748549577, 27.839469724284413], [84.63487837742383, 27.83897692253089], [84.63559278742872, 27.838511374928828], [84.63632935584263, 27.8380739673255], [84.63708668088606, 27.837665532013432], [84.63786332133401, 27.837286846147833], [84.63865779925726, 27.836938630270367], [84.6394686028309, 27.836621546939796], [84.6402941892099, 27.836336199472328], [84.64089503571097, 27.83615124754374], [84.64151659571706, 27.83596955048546], [84.64144769116018, 27.83571905782327], [84.64127502404688, 27.834946741430542], [84.64111090372973, 27.83395948283072], [84.64101544292777, 27.833250119137062], [84.6409329079118, 27.83250660951802], [84.64088505991919, 27.831760700178222], [84.64085394993668, 27.830998386133103], [84.64084328897661, 27.83088313066321], [84.64079200994331, 27.830142727993007], [84.64077499950474, 27.82940107733498], [84.6408068996376, 27.828392696530898], [84.64090212395456, 27.82738747526855], [84.64094575693389, 27.82704248155619], [84.64112762778473, 27.825922150456677], [84.64130056120024, 27.825149882802066], [84.6415112175523, 27.824385056006747], [84.64175919510353, 27.82362912579339], [84.64204402111022, 27.822883530920933], [84.642365152727, 27.82214969044935], [84.64272197804615, 27.821429001038098], [84.64311381726606, 27.82072283429096], [84.64353992399055, 27.820032534146094], [84.64399948665277, 27.819359414320786], [84.64449163006361, 27.818704755812405], [84.64501541708108, 27.818069804462993], [84.64556985039599, 27.81745576858964], [84.64596320307743, 27.817051398439446], [84.64616741890057, 27.816847640511412], [84.64666649237876, 27.8163674816592], [84.6471847942932, 27.815903707728808], [84.64742153816019, 27.815706683358826], [84.64745257096513, 27.815568087952215], [84.64766320876993, 27.814803260083124], [84.64791116449965, 27.814047328806055], [84.6481959654526, 27.813301732882564], [84.6484284454578, 27.812761199465058], [84.64868029442704, 27.812227570697928], [84.64895125318185, 27.811701395143643], [84.64924104291168, 27.81118321369513], [84.64948956455441, 27.81075613564377], [84.64994027560209, 27.810023621531286], [84.65039979608969, 27.80935050070559], [84.65089189434303, 27.808695841222686], [84.65141563330599, 27.808060888926434], [84.65197001576115, 27.80744685213574], [84.65255398622975, 27.806854899348366], [84.65316643298246, 27.80628615701744], [84.65380619015593, 27.8057417074113], [84.65447203997314, 27.805222586556056], [84.65509378000911, 27.804777016767673], [84.65548611866086, 27.804506987986827], [84.65560608016114, 27.804409028845612], [84.65628990090943, 27.80387524389249], [84.65698056747351, 27.803382439501775], [84.65769474446023, 27.80291688940531], [84.65843107264425, 27.802479479455826], [84.65918815070319, 27.802071041950512], [84.66027799357693, 27.801550336800233], [84.66140147997396, 27.801089637627513], [84.66238052785195, 27.800719903004165], [84.6633738066015, 27.800371911349828], [84.66455115409656, 27.8000267414904], [84.66624716882006, 27.79958007117807], [84.66704965047131, 27.799384535720037], [84.66748584151867, 27.799295165721333], [84.66796042866287, 27.79901323187636], [84.6687176698, 27.798604718214733], [84.66906616862184, 27.79837310101783], [84.67012944942087, 27.797693579962413], [84.67098160515138, 27.79702493777387], [84.6713656640726, 27.796731079771405], [84.67205628545366, 27.796238274851646], [84.67277041572288, 27.795772724254846], [84.67350669574347, 27.795335313834585], [84.67426372428486, 27.794926875889473], [84.67504006068532, 27.79454818758012], [84.67583422759338, 27.794199969453416], [84.67664471377554, 27.7938828840729], [84.67746997698907, 27.7935975347591], [84.67851825758987, 27.793286752501956], [84.67958399987185, 27.79302716242131], [84.68063223167667, 27.792798918484152], [84.68128158404022, 27.792667526743458], [84.68193543295763, 27.792555149548434], [84.68281056856375, 27.792435383124086], [84.68369074410452, 27.79234967254024], [84.68457428493116, 27.792298180872592], [84.68545951000004, 27.792281006091002], [84.68557464312215, 27.79228193778556], [84.68615299457474, 27.792156102532033], [84.68702890111615, 27.7920013379009], [84.68805940004961, 27.79184047325964], [84.68861421740951, 27.791766291730426], [84.6888912695191, 27.791684215102123], [84.68999410179828, 27.791388132338795], [84.6911140433275, 27.791148168007226], [84.69256687277255, 27.790875408822558], [84.69295342525766, 27.79044531419578], [84.6936912056928, 27.78970569237032], [84.69447341246041, 27.789003106846337], [84.69531313383749, 27.788289070778035], [84.69579686423617, 27.787890906653786], [84.69629487516607, 27.787506921542672], [84.69706584931635, 27.786959535397727], [84.69786581689266, 27.786446114010744], [84.69857043595601, 27.786016651617956], [84.69922584192176, 27.785633519410965], [84.6998974005731, 27.78527319419078], [84.70067366838902, 27.78489450532993], [84.70146776514076, 27.78454628669556], [84.70227817972807, 27.78422920085211], [84.70310337004452, 27.783943851121762], [84.70351926995386, 27.78381377660918], [84.70474899974141, 27.78344246378049], [84.70548769178032, 27.783233319514864], [84.70623482400771, 27.78304941721757], [84.70698930654544, 27.78289102514799], [84.70775003880948, 27.782758374352397], [84.70857817537183, 27.78264415029605], [84.70946732239116, 27.782538177374022], [84.71041670231853, 27.782445189172165], [84.71136994922341, 27.78239202889938], [84.71205431641812, 27.782368222767218], [84.71284757000006, 27.782354430148246], [84.71373271467922, 27.782371604955756], [84.71461617526819, 27.78242309670088], [84.71549627087683, 27.782508807414047], [84.71599121240814, 27.782576548744657], [84.71614245719815, 27.782448703727425], [84.71677332730383, 27.781957900578334], [84.71746385530554, 27.781465094565135], [84.71817788902337, 27.780999542933728], [84.71891406950493, 27.78056213154059], [84.7196709957081, 27.780153692685758], [84.72044722716623, 27.77977500353211], [84.72124128672726, 27.77942678462864], [84.72205166336113, 27.779109698539855], [84.72287681503383, 27.778824348588557], [84.7237151716368, 27.77857127770784], [84.72456513797249, 27.778350967410574], [84.7254250967851, 27.778163836873887], [84.72629341183381, 27.77801024214301], [84.72716747204271, 27.777890587746242], [84.72747894131709, 27.777861116560018], [84.72752385580503, 27.777855855837515], [84.72835404459278, 27.777742225070483], [84.72923410183336, 27.777656514295472], [84.7301175239084, 27.777605022513058], [84.73100263000015, 27.77758784769327], [84.73214316157066, 27.777616374474917], [84.73328008885579, 27.77770186466978], [84.73423900347228, 27.777798179111528], [84.73548530649344, 27.777958322009567], [84.73635362112981, 27.778111916741693], [84.737213579534, 27.778299047279972], [84.73806354546616, 27.778519357578887], [84.73890190167106, 27.778772428461536], [84.73951949410781, 27.778982516996734], [84.7401290651718, 27.77921038818829], [84.74072996784844, 27.77945580018553], [84.74132156431034, 27.77971849251901], [84.7421455461627, 27.780099407571072], [84.74293182482728, 27.780482743425296], [84.74367961015145, 27.780886005696345], [84.74440717138651, 27.781317545250317], [84.74511315758156, 27.78177656093709], [84.7457962577908, 27.782262200586672], [84.74687882673942, 27.783066423497303], [84.74874568490617, 27.784311646767264], [84.74961282655391, 27.784923586438083], [84.75027855262886, 27.78544270887471], [84.75091819089903, 27.7859871601367], [84.75153052381336, 27.786555904195325], [84.75192080107172, 27.78695159092672], [84.75239115183876, 27.786960716936505], [84.75327464951681, 27.787012208645706], [84.7541547820735, 27.787097919299242], [84.75502987494082, 27.787217685820394], [84.75574431456118, 27.787341489346204], [84.75645330424487, 27.787487995767947], [84.7571617678775, 27.78764635079125], [84.75816641051449, 27.787895477111533], [84.75915533957988, 27.78819017151841], [84.7599805619567, 27.78847552106538], [84.76079100803179, 27.78879260670527], [84.76158513563848, 27.789140825116363], [84.76236143361831, 27.789519513734774], [84.76310859311934, 27.789922386405294], [84.76383556580726, 27.79035348437594], [84.7645410043383, 27.790812008806654], [84.76522360122362, 27.79129711002537], [84.76578468132868, 27.791713757710966], [84.76585691822851, 27.791688780084996], [84.76669537350688, 27.791435709697225], [84.7675454398813, 27.791215399829298], [84.76840549990612, 27.791028269657318], [84.76927391714827, 27.790874675225893], [84.7699963279772, 27.790773310224154], [84.770722375491, 27.790695156011452], [84.77145111722427, 27.790640314038], [84.7721816072197, 27.790608855492565], [84.77407518470687, 27.790557683811983], [84.77469183000011, 27.79054935156489], [84.77557704104254, 27.790566526350972], [84.77646056786881, 27.79061801803209], [84.77734072946294, 27.790703728638505], [84.77821585120171, 27.790823495094287], [84.77908426803702, 27.79097708952696], [84.779944327659, 27.791164219700136], [84.78079439363552, 27.791384529569882], [84.7816328485211, 27.791637599959756], [84.78228107745139, 27.791858620244852], [84.78292042924511, 27.79209922594856], [84.78355015598981, 27.79235913563167], [84.7841695210156, 27.792638045272838], [84.78510825206774, 27.793078861865126], [84.7857779146504, 27.79340782247482], [84.78653493266523, 27.79381626051361], [84.7872712024473, 27.794253671033857], [84.78798532278506, 27.79471922173707], [84.78814129902463, 27.79483052287395], [84.78844005533091, 27.79478893281845], [84.78921506149061, 27.794708040727016], [84.78999299074155, 27.79465369882695], [84.79077269357737, 27.794625987416907], [84.79203207554161, 27.794602771192956], [84.79245286000008, 27.794598892149395], [84.79325740302801, 27.794613077099655], [84.79406068179452, 27.794655609659515], [84.79486143402193, 27.79472642299288], [84.79565840139685, 27.794825405822053], [84.79652297388833, 27.794948366069775], [84.79684172576191, 27.79499601582694], [84.79771017575757, 27.79514961016224], [84.79857026822151, 27.79533674021735], [84.7994203666592, 27.795557049947604], [84.80025885356378, 27.795810120177634], [84.8009426498133, 27.79604391733028], [84.80161651497059, 27.796299505593936], [84.80210498411373, 27.796494111052255], [84.80261137485746, 27.79652434205269], [84.80274831933565, 27.796537794820665], [84.80304871244408, 27.796237241155154], [84.80355151444462, 27.795752306364534], [84.80407390282255, 27.79528403243097], [84.80461517979654, 27.794833044634174], [84.80517462239101, 27.794399945164287], [84.80586522903275, 27.793907140071894], [84.80657934406156, 27.793441589311783], [84.80731560837046, 27.7930041787381], [84.80807262075814, 27.792595740649404], [84.80884894059392, 27.792217052206695], [84.8096430905577, 27.791868833957437], [84.81045355944809, 27.791551748465167], [84.8112788050554, 27.791266399050812], [84.81193477204721, 27.7910653323338], [84.81259808211774, 27.79088432173222], [84.8137473947699, 27.790589697778728], [84.81478989087162, 27.79034890070119], [84.81584528026951, 27.790157623381674], [84.81688455340321, 27.790019245395456], [84.81796324916809, 27.789900914496968], [84.81920335682469, 27.789799107735178], [84.82044815000006, 27.789765129515104], [84.82133335469058, 27.789782304303287], [84.82221687517705, 27.78983379599049], [84.8230970304553, 27.78991950660719], [84.82397214591452, 27.790039273077184], [84.82421504455294, 27.790083309950376], [84.82482258515654, 27.789521016556137], [84.82546224411772, 27.78897656558223], [84.82612799172574, 27.788457443420782], [84.82672474506029, 27.78802903397616], [84.82733926897771, 27.787620980653458], [84.82797068598387, 27.787233865997564], [84.82861809449645, 27.786868242654577], [84.82942444287028, 27.78643164329901], [84.82983229300532, 27.78621657631112], [84.83060856752195, 27.785837887503874], [84.83140267112793, 27.78548966891907], [84.83221309271022, 27.785172583120925], [84.83303829014864, 27.784887233431277], [84.83380259435927, 27.78465507669847], [84.834576677276, 27.78445014800849], [84.83535931327111, 27.78427277181919], [84.83614926319456, 27.78412322896463], [84.83711951158091, 27.78395742544103], [84.83742548177605, 27.783907297306826], [84.83830054814189, 27.783787530725476], [84.83918065404487, 27.783701820028966], [84.84006412496763, 27.783650328293845], [84.84094928000007, 27.78363315348969], [84.84206003052611, 27.78366020584241], [84.84351790074163, 27.783731264305345], [84.84472870546688, 27.783822675373358], [84.84593119051516, 27.78397836748985], [84.84656429754347, 27.78408688427419], [84.84719321017246, 27.784213231484898], [84.84781729380023, 27.78435728163396], [84.84843591869128, 27.784518889369906], [84.84968000140634, 27.78486306592896], [84.85059225569108, 27.785136704042202], [84.851580124426, 27.785482706194102], [84.85278915364353, 27.78593899788973], [84.85391642224556, 27.786402848802425], [84.85449198391251, 27.786101519604188], [84.8547157245053, 27.785984955790525], [84.85549199737693, 27.785606266970092], [84.85628609930012, 27.785258048373237], [84.85709651916488, 27.784940962563894], [84.85792171485463, 27.7846556128643], [84.85876011617773, 27.784402542207033], [84.8596101278514, 27.784182232104286], [84.8604701325338, 27.783995101732955], [84.86133849389688, 27.783841507137822], [84.86138737113657, 27.783833898195155], [84.86278899987104, 27.78361726290092], [84.86365214405885, 27.78350080044737], [84.86452012027576, 27.783417458745475], [84.86539132281217, 27.78336739197323], [84.86626413999994, 27.783350692751696], [84.86691156133747, 27.783359878896135], [84.86755832383596, 27.783387427981097], [84.86820376932576, 27.783433311971407], [84.86884724097558, 27.783497484173722], [84.87097215848775, 27.78373996506565], [84.8718515527101, 27.783857778804816], [84.87314852789154, 27.78405746681034], [84.87321038337461, 27.784067077717793], [84.8740787465295, 27.78422067230781], [84.87493875298645, 27.784407802672717], [84.87578876641413, 27.784628112767848], [84.87662716946738, 27.78488118341653], [84.87745236686033, 27.785166533106576], [84.87826278839748, 27.78548361890489], [84.87905689195975, 27.785831837490036], [84.87983316643346, 27.78621052629751], [84.88075553388342, 27.7867136639062], [84.88136076498529, 27.78706388449848], [84.88210858738182, 27.78744136723634], [84.88223688675367, 27.78750667921065], [84.88299386388337, 27.78791511761267], [84.88373009389841, 27.788352528521784], [84.88444417566319, 27.78881807963819], [84.88513475013332, 27.78931088510734], [84.8857449835395, 27.78978494129865], [84.88633345735781, 27.790280280898173], [84.88664501777794, 27.79055321889308], [84.88693794690192, 27.790583262706207], [84.8871797371138, 27.79060680838751], [84.88721627890897, 27.790611809389247], [84.88725692639736, 27.790615978334586], [84.88780930083936, 27.790692539633426], [84.88805108817229, 27.790645884293383], [84.8883935483193, 27.79049572072023], [84.88920400702528, 27.79017863516225], [84.89002924226276, 27.789893285688606], [84.89009167437558, 27.789873183405746], [84.89143591249194, 27.789442559299232], [84.89260009609785, 27.78910453194061], [84.89373118218327, 27.788809378002497], [84.89481941990596, 27.78855431665022], [84.89592187844693, 27.788353288741064], [84.89713747308986, 27.78819626319597], [84.8981441999739, 27.788093769756983], [84.89877619249694, 27.788045603054172], [84.89930362210646, 27.787813302311804], [84.90009129213553, 27.78750267418269], [84.90089307450478, 27.787222057703502], [84.90153904802122, 27.787009940063967], [84.90162840721592, 27.786980808557132], [84.90246682637473, 27.78672773798894], [84.90331685613046, 27.786507427963784], [84.90417687910701, 27.786320297658392], [84.90424353536571, 27.786308507843557], [84.90467915220108, 27.786049693535062], [84.90543611640902, 27.785641255018106], [84.90633897748842, 27.785204469921325], [84.90726553974804, 27.784808894515265], [84.9077600574584, 27.78461130982373], [84.90797904305106, 27.78450914956005], [84.91057176352336, 27.782961171941224], [84.9111485889648, 27.782629222413618], [84.91173771515088, 27.78231482754245], [84.91251396195582, 27.781936138512265], [84.91330803721524, 27.781587919722256], [84.91411842986957, 27.781270833737267], [84.91494359785383, 27.780985483879192], [84.91577480320495, 27.780734424092202], [84.91661743568625, 27.78051556737455], [84.91868222006491, 27.78002210485323], [84.91954953578744, 27.779832911825736], [84.92042536809441, 27.779677836430892], [84.92130040060766, 27.779558069772804], [84.9221804724636, 27.77947235902144], [84.92306390920959, 27.779420867253066], [84.92394903000013, 27.77940369243788], [84.92483415079084, 27.779420867253066], [84.92571758753661, 27.77947235902144], [84.92659765939271, 27.779558069772804], [84.92747269190602, 27.779677836430892], [84.92838128652636, 27.779839407609757], [84.92962477610843, 27.780086908342525], [84.93026038017325, 27.78022301089345], [84.93089072658, 27.780377250690606], [84.93151516132531, 27.780549467710443], [84.93213303653039, 27.780739483276705], [84.9329582026578, 27.781024833145466], [84.93376859348848, 27.781341919142392], [84.93456266696074, 27.781690137945304], [84.93533891201884, 27.78206882698953], [84.93621704797835, 27.782546461558752], [84.93764538277134, 27.78336831936332], [84.93867836898471, 27.78400385563708], [84.93955517091462, 27.78461795741947], [84.940131544704, 27.7848991033502], [84.94099274722822, 27.78536699193478], [84.94283702788977, 27.786425837275942], [84.94381396985125, 27.787025914518267], [84.9444849457991, 27.787171909638573], [84.9453349807228, 27.78739221964156], [84.94617340497888, 27.78764529018423], [84.94683353131626, 27.78787058863719], [84.9474844346301, 27.788116199276374], [84.94808022249197, 27.788351984242126], [84.94904044421156, 27.788759127246408], [84.94997536492485, 27.789210453040084], [84.95073235385752, 27.789618891337284], [84.95146859535305, 27.790056302134133], [84.95218268825323, 27.790521853131168], [84.95287327349325, 27.791014658474182], [84.95352193470757, 27.79151986298831], [84.95414588544276, 27.792049112803284], [84.95474399937393, 27.79260145284917], [84.9550338671279, 27.792892962863334], [84.95529734964657, 27.792537991109157], [84.95576879611258, 27.791954721636046], [84.95626596287741, 27.7913885959793], [84.95660458090885, 27.791018433973363], [84.95680265405497, 27.790805264787082], [84.95738653551831, 27.790213310527804], [84.95799888893481, 27.789644566780566], [84.95863854861955, 27.78910011581678], [84.95930429698029, 27.788580993664937], [84.95999486683706, 27.788088188141785], [84.96070894383143, 27.78762263697422], [84.961445168929, 27.787185226017186], [84.96220214100265, 27.786776787570204], [84.96274662054003, 27.786507092955844], [84.96373200845869, 27.78603648037921], [84.96438092770359, 27.785739797911106], [84.96504141646773, 27.785464051338863], [84.96571262118584, 27.785209596983634], [84.96639367446414, 27.784976763650604], [84.96735584281572, 27.78468937929017], [84.96833295997624, 27.784445134431905], [84.97059532113332, 27.78393352505782], [84.9713312922712, 27.783780004941377], [84.97207318003842, 27.78365096664777], [84.97290830417592, 27.78353591172589], [84.97374808894455, 27.783451876180436], [84.97459107862352, 27.783399005683123], [84.97543581194469, 27.783377391881686], [84.97763057936669, 27.783361874404818], [84.97779209999999, 27.783361302779383], [84.9786772528314, 27.78337847758428], [84.9795607215571, 27.783429969321503], [84.9804408252715, 27.783515680021424], [84.98131588946131, 27.783635446607718], [84.98218424918747, 27.783789041207683], [84.98304425224859, 27.78397617158504], [84.98389426232, 27.78419648169455], [84.98473266206253, 27.784449552359774], [84.9855100096886, 27.784717342578062], [84.98562217859813, 27.78476077529416], [84.9861692548759, 27.784861834615583], [84.98697838600992, 27.785042441793166], [84.98777849002215, 27.785252468289627], [84.98857748304943, 27.785494555493756], [84.98869969745334, 27.785482297784768], [84.98966064689074, 27.785393871720657], [84.99041580329339, 27.78534050037257], [84.99121911931934, 27.785297956521276], [84.9920237, 27.785283767803378], [84.99277146698893, 27.78529602280196], [84.99304398245494, 27.78530943354383], [84.99342148178135, 27.785176514139607], [84.99425988709982, 27.784923443502294], [84.99510990282431, 27.78470313341711], [84.99596991160462, 27.78451600306039], [84.9968382771055, 27.784362408477477], [84.9972111837908, 27.78430711848938], [84.99805571935087, 27.784189077451117], [84.99883928376386, 27.784093429616576], [84.99962644271415, 27.78402500581467], [85.00041600105465, 27.783983909934022], [85.00120676000006, 27.783970204370746], [85.00209191776173, 27.78398737917405], [85.00297539140831, 27.7840388709065], [85.00385550002488, 27.784124581598576], [85.00473056908885, 27.7842443481739], [85.00485770691142, 27.784264653922264], [85.00570456387607, 27.78440238189154], [85.00654035989442, 27.784554518977075], [85.00736823008725, 27.78473775992302], [85.00818671193241, 27.784951781021675], [85.008994359469, 27.7851962041878], [85.00966632630514, 27.78542576498984], [85.01032871885093, 27.785676373862657], [85.01098070394812, 27.78594771561353], [85.01162146150978, 27.786239448971685], [85.01261534805423, 27.78671192121135], [85.01319439954062, 27.786998088067605], [85.01420297874762, 27.78755138638479], [85.01651233368426, 27.788902549181216], [85.01680083384633, 27.789031620089816], [85.01718027996776, 27.78921789347305], [85.01776370021923, 27.789344835114946], [85.01861375204356, 27.78956514504523], [85.01945219296988, 27.789818215504795], [85.01952232733112, 27.789841043314823], [85.02033444844318, 27.79010688273854], [85.02114130493129, 27.790388534736053], [85.02193390609892, 27.790700566324745], [85.0227108065456, 27.791042408524618], [85.02347058946151, 27.791413437991878], [85.02422759365703, 27.791821876153392], [85.0249638499979, 27.792259286805063], [85.02567795729794, 27.79272483764794], [85.02636855646477, 27.79321764282787], [85.02728554211893, 27.79394492938701], [85.02779336590726, 27.79437292885416], [85.02860976764299, 27.795101362065168], [85.02937819649634, 27.79586996310917], [85.02993252015693, 27.796484000960277], [85.03045620356824, 27.797118954351674], [85.03094824961886, 27.79777361496167], [85.03140772135225, 27.798446736944186], [85.03183374375288, 27.79913703929742], [85.03222550541511, 27.799843208299762], [85.03258226009069, 27.80056390000823], [85.0329033281132, 27.801297742814654], [85.0330884289616, 27.801770003733395], [85.03329150394654, 27.802312175850204], [85.03351389854168, 27.80294439117739], [85.03371005475708, 27.803583437541818], [85.03387970791135, 27.804228454158135], [85.03402262900909, 27.804878572183668], [85.03415748340376, 27.805656813172675], [85.03425403473335, 27.80643954380372], [85.03431209839226, 27.80722527418368], [85.03433156302503, 27.80801250867819], [85.03431339087928, 27.80877902894605], [85.03425862179296, 27.809544171209723], [85.03419456318903, 27.810079268310744], [85.03445388515524, 27.810671930676676], [85.03469037927766, 27.81128322507368], [85.03490210275464, 27.8119016576739], [85.03508878356604, 27.812526435155064], [85.0352198234142, 27.813038195100205], [85.0352564495094, 27.813154394382764], [85.0354563484143, 27.813665918530432], [85.03573871260977, 27.81456823298754], [85.03635631542312, 27.816774897501205], [85.03669675637445, 27.817547586444448], [85.03694292146758, 27.81818544079283], [85.03716211572498, 27.818831025914733], [85.0373540326816, 27.819483440605325], [85.03751840393602, 27.820141774110027], [85.03756718666978, 27.820355996647322], [85.03807317236596, 27.82096621396721], [85.0383427456319, 27.821257039565467], [85.03886347169151, 27.821843108628116], [85.03935648400761, 27.822447828412578], [85.03982093806576, 27.823070163621196], [85.04025603820213, 27.8237090487807], [85.04063213363389, 27.824314493884344], [85.04098186386926, 27.824932304860965], [85.04130471495063, 27.825561574581002], [85.04160021236169, 27.82620137907452], [85.0418578392161, 27.826791094293583], [85.04200963465155, 27.827149794500713], [85.04229447181712, 27.827895388905063], [85.04254245908783, 27.828651318644802], [85.04275312370089, 27.829416144961783], [85.04292606390328, 27.830188412134476], [85.04305537473147, 27.830929352611292], [85.0431499563366, 27.831674428378392], [85.04320964476432, 27.83242235348564], [85.04323433627627, 27.83317183703946], [85.04324014934485, 27.83377945617633], [85.0432408832595, 27.833929957050486], [85.043215476385, 27.834835573139458], [85.04314560125391, 27.8356607447638], [85.0440998734162, 27.83547865524241], [85.04483608133853, 27.835350769681952], [85.04559208996346, 27.83524530448807], [85.04635203145153, 27.83516523759215], [85.0477367855492, 27.83504280744546], [85.04874041722297, 27.834976348738792], [85.0497465200001, 27.834954177684835], [85.05063209112495, 27.83497135235524], [85.05151597735033, 27.835022843689103], [85.05239649697768, 27.835108553717873], [85.05327197470427, 27.83522831936648], [85.05406735995808, 27.83536757938259], [85.05485585946946, 27.83553495098488], [85.05563621663839, 27.835730167445092], [85.05640718782217, 27.835952917659824], [85.05767094397578, 27.836342997607176], [85.05795431692468, 27.836432559708385], [85.0586776808538, 27.836680563502284], [85.0593898690122, 27.836952933857674], [85.0606367395394, 27.837455069316604], [85.06118376254369, 27.837689905721504], [85.06339599367868, 27.83682092798267], [85.06402346759455, 27.836585544731975], [85.06465946712188, 27.83636899955269], [85.06568697597982, 27.83606394338426], [85.06673132116293, 27.83580803348849], [85.06748569730848, 27.835642289709824], [85.0681566153338, 27.8355055632814], [85.06883236009867, 27.835389129780538], [85.0698991952442, 27.83524779432412], [85.07085213095002, 27.83514446103959], [85.07177751915697, 27.835063179748943], [85.07270612262681, 27.835019646058868], [85.07441560995113, 27.834974353436394], [85.07502067999997, 27.834966337716594], [85.07590625122361, 27.834983512386998], [85.07679013754756, 27.83503500372086], [85.07767065727296, 27.835120713749404], [85.0785461350971, 27.83524047939784], [85.07968956235891, 27.835449971948265], [85.0808175585363, 27.83571753462587], [85.08152138675547, 27.83590390551791], [85.0826684647285, 27.83624097923871], [85.08349405038666, 27.836526326710384], [85.08430485325255, 27.836843410045617], [85.08509933048197, 27.837191625928085], [85.08587597025189, 27.83757031179897], [85.08664914278091, 27.837987729517693], [85.086720917072, 27.838028450870013], [85.08700880638116, 27.83804522156578], [85.08788935040747, 27.8381309315551], [85.08876485239375, 27.838250697148624], [85.08953253489994, 27.83838460791128], [85.09029384604759, 27.838544705430706], [85.09137629390074, 27.838791996394605], [85.09159617808928, 27.83884339733254], [85.09269681480777, 27.839106545914717], [85.09353748260338, 27.839324921365233], [85.094366777012, 27.839575317412596], [85.09502814878465, 27.839800948487834], [85.09576882360653, 27.840066898295788], [85.09642127946654, 27.840313027975128], [85.09706367625068, 27.840579248345648], [85.09725135515902, 27.840664234887186], [85.0975452669062, 27.84059934691362], [85.0984602669439, 27.840436602777572], [85.09913360744122, 27.840341413046815], [85.09981016282359, 27.840266370403242], [85.10048917052222, 27.840211559429747], [85.10116986520791, 27.840177041905804], [85.10174568007636, 27.840156455258523], [85.10215552657286, 27.84014548430514], [85.10359122894425, 27.840119938468263], [85.10399774000001, 27.840116321192], [85.1048833530387, 27.840133495848875], [85.10576728109817, 27.840184987142607], [85.10664784240083, 27.840270697104017], [85.10752336156446, 27.84039046265883], [85.10779779956744, 27.840435200773754], [85.10960090686416, 27.840740521885778], [85.11039942482563, 27.840890571393516], [85.11119051587463, 27.841069022661145], [85.11197290224209, 27.841275587460927], [85.11274532019763, 27.84150993215553], [85.11357606756201, 27.841797165613855], [85.11439183597452, 27.84211652965945], [85.11480761717758, 27.842289084173103], [85.11559703516616, 27.842635420129056], [85.1163688267751, 27.84301184404478], [85.11709829195718, 27.843404512884433], [85.11780856871496, 27.843824060245367], [85.11848275133849, 27.844240684481633], [85.11922522589833, 27.844722017128447], [85.11994244421987, 27.845232715687075], [85.1206085383169, 27.845751833423606], [85.12124853021817, 27.84629627976318], [85.12177536690126, 27.846785338805716], [85.12222557827891, 27.84706410380062], [85.1231773833789, 27.84773184063232], [85.12384349275118, 27.848250958173935], [85.12448349932998, 27.848795404309442], [85.12509618486354, 27.849364143019955], [85.12568038303431, 27.849956092044863], [85.12636710483088, 27.850724843589433], [85.1270057964789, 27.851525640559657], [85.12739520004163, 27.85204314378285], [85.12770989534948, 27.852419183896245], [85.12838391048598, 27.853275250277022], [85.12900106812174, 27.85416454718711], [85.1295696873957, 27.855102486349892], [85.13007505389135, 27.856068610965053], [85.13042567525889, 27.856794175392963], [85.13081693137724, 27.857015622805875], [85.13093239952906, 27.857090044277925], [85.13112904814255, 27.85714465095282], [85.13201774319344, 27.857411591147923], [85.13284348919478, 27.857696937704418], [85.133654449539, 27.858014020023575], [85.134449081083, 27.85836223479083], [85.13522587171042, 27.85874091945044], [85.13598334320608, 27.859149353463124], [85.1367200540671, 27.859586759676233], [85.1374346022431, 27.860052305800366], [85.13812562780322, 27.860545105991605], [85.13884367874283, 27.8611065967051], [85.13957145552303, 27.86170328515999], [85.14003991825825, 27.86209982242616], [85.14049393411108, 27.862509418855097], [85.14093304228811, 27.86293165888293], [85.14135679710552, 27.863366114113262], [85.1419114640479, 27.86398014577685], [85.14243547180615, 27.86461509278007], [85.1429278226509, 27.865269746814704], [85.14338757904386, 27.865942862048144], [85.14381386542692, 27.86663315749206], [85.14420586988979, 27.86733931943894], [85.14456284572037, 27.86806000396041], [85.1448841128298, 27.868793839462285], [85.1450057363972, 27.86909914610004], [85.14514917401647, 27.86946974642666], [85.14539297951706, 27.87014217367738], [85.14560698715962, 27.870822564855985], [85.14579086850267, 27.871509877535857], [85.14593696226927, 27.872169730492317], [85.14763632559755, 27.873279737374617], [85.14775988477356, 27.873361083540487], [85.14886654970803, 27.87409543750141], [85.14976812764121, 27.874729794074028], [85.15043440215413, 27.87524890950948], [85.15107456741623, 27.875793353438723], [85.15168740487331, 27.876362089848158], [85.15227174791835, 27.87695403648155], [85.15272465171921, 27.877451166146784], [85.15315745130897, 27.877962242982562], [85.15356960296293, 27.87848662526028], [85.15396058886029, 27.87902365453499], [85.15445656766036, 27.879732103440574], [85.15479880791872, 27.88023929009148], [85.15522515033399, 27.88092958407043], [85.1556172063332, 27.881635744521645], [85.1559742291056, 27.8823564275192], [85.15629553847265, 27.883090261472603], [85.15655794454352, 27.883772662841636], [85.15678946353489, 27.88446383363174], [85.15698972526832, 27.88516267048675], [85.1571584094446, 27.88586805779198], [85.15726849954149, 27.886378362094604], [85.15732253331839, 27.88663917435099], [85.15745748937081, 27.88741740604752], [85.15755411363261, 27.888200127351467], [85.15761222135569, 27.88898584838796], [85.15763170109761, 27.889773073540596], [85.1576226903428, 27.89031358426155], [85.15759618765156, 27.89110385807487], [85.15756106377921, 27.891755404745936], [85.1575184224912, 27.892205337576797], [85.15773156546538, 27.892499733806176], [85.15823801860512, 27.893237486501903], [85.15866441200018, 27.893927779148783], [85.15905651488868, 27.89463393823945], [85.15941358037037, 27.895354619851048], [85.15973492818466, 27.896088452395816], [85.15977802928035, 27.89619464264979], [85.15993936087165, 27.896596050593246], [85.1602097380943, 27.897316252371297], [85.16044578616265, 27.89804591922001], [85.16064708672553, 27.898783760086303], [85.16081328289118, 27.899528469427935], [85.16094825500858, 27.900306699657904], [85.16104489079595, 27.90108941948978], [85.16110300548252, 27.901875139051754], [85.16112248412543, 27.902671485356905], [85.16112105130247, 27.90418328813712], [85.161101194494, 27.904965942723607], [85.1610431498309, 27.90574709588617], [85.1609470257107, 27.90652527778184], [85.16093624553037, 27.906587514061926], [85.16127034903309, 27.90676620082138], [85.16189621173771, 27.907129444175155], [85.16250661072417, 27.907512895237346], [85.16310071958247, 27.90791603496126], [85.163839153975, 27.90843648831634], [85.16426942935692, 27.90874835146161], [85.16493591228158, 27.909267464241054], [85.1655762778052, 27.909811905388665], [85.16618930699332, 27.910380638896243], [85.16677383287333, 27.91097258251409], [85.16732874265847, 27.9115866098075], [85.16785297986479, 27.912221552299116], [85.16834554632516, 27.91287620168964], [85.16880550409087, 27.913549312156192], [85.1692319772186, 27.9142396027201], [85.16962415344221, 27.914945759684144], [85.16998128572135, 27.915666439129325], [85.17030269366728, 27.91640026947232], [85.17063143125273, 27.917270371486723], [85.17090995100415, 27.918154192806185], [85.17103170008431, 27.9185821706659], [85.17118031772355, 27.919084716247028], [85.1713758024062, 27.919805704644375], [85.17153777778316, 27.920533217705042], [85.17167277610343, 27.921311445543836], [85.17176663059206, 27.92202355653302], [85.17226507141504, 27.922677485055544], [85.17272507070084, 27.923350594539954], [85.1732511018979, 27.924212871022178], [85.17372362977858, 27.925099253104065], [85.17415900080186, 27.925976805215896], [85.17441861437004, 27.926524335564636], [85.17465779970735, 27.92707915845358], [85.17494289895501, 27.927824741880386], [85.17519111449633, 27.928580660512466], [85.17540197313048, 27.929345475613104], [85.17543462387556, 27.929491141631217], [85.17611101066228, 27.930386477935485], [85.17648206831092, 27.93089594657789], [85.17683363694465, 27.93141620473267], [85.17726018027668, 27.93210649346389], [85.17765242107157, 27.932812648556194], [85.17800961216534, 27.93353332609479], [85.178331073057, 27.934267154500162], [85.17867484209904, 27.935180699946386], [85.17877494147405, 27.935472372200877], [85.17911052153738, 27.935877035180113], [85.17959057054236, 27.936510345339627], [85.18004003707159, 27.937161118211122], [85.18046595586674, 27.937808104767726], [85.1805202359551, 27.937891062916663], [85.18094680474479, 27.938581350983384], [85.18133906895451, 27.93928750539726], [85.18169628137576, 27.940008182244696], [85.18201776146668, 27.940742009947655], [85.18223198690214, 27.94129186955672], [85.18242614434831, 27.941847575789552], [85.1826247032975, 27.94245001808082], [85.18290916149726, 27.943410312827098], [85.18313372124231, 27.944383047108317], [85.18331529432686, 27.945499438656782], [85.18340048263059, 27.94643212620582], [85.18348904739531, 27.946530094200114], [85.18401345337617, 27.947165033376905], [85.18450617843695, 27.947819679355405], [85.18496703406811, 27.948493939301727], [85.1850548044427, 27.948628937817034], [85.18564632409823, 27.948894713501886], [85.18663134546404, 27.949367993706232], [85.18738944853982, 27.949776422123705], [85.188126773708, 27.95021382235126], [85.1888419177505, 27.950679362112112], [85.18953351960323, 27.95117215557559], [85.19020026294538, 27.951691265039983], [85.19084087870317, 27.95223570271537], [85.19145414746566, 27.952804432601283], [85.19203890180432, 27.953396372454847], [85.19249950180813, 27.953901893306693], [85.19315933018675, 27.95465335259371], [85.19372809622757, 27.954930376257096], [85.19448623816385, 27.955338804330665], [85.19522360112956, 27.955776204190443], [85.19593878183497, 27.956241743560156], [85.19663041914612, 27.95673453661027], [85.19688898459071, 27.95693043905851], [85.19750519545812, 27.957405270317224], [85.19810031897623, 27.9578824411376], [85.19867378807743, 27.958380081369057], [85.19922471023563, 27.958897416762056], [85.19975222796751, 27.95943364241367], [85.20030738556653, 27.960047665253512], [85.20083185691783, 27.960682603147063], [85.20132464340821, 27.961337247805034], [85.20178480666863, 27.962010353413632], [85.2021282176305, 27.96256020200002], [85.20244985289577, 27.96312033703896], [85.20274932185293, 27.96369007886193], [85.20302626077029, 27.96426873613302], [85.20341992631325, 27.96513279303781], [85.20367635760584, 27.96572540097509], [85.20396155857196, 27.966470980149666], [85.20420986270886, 27.96722689447887], [85.20442079664565, 27.96799170523491], [85.20459395811127, 27.968763956726832], [85.20472901670524, 27.96954217907097], [85.20482571453334, 27.97032489098831], [85.20488386670371, 27.97111060262148], [85.20490336168552, 27.971897818372554], [85.20488495736333, 27.97266862287421], [85.20485749439774, 27.973241206843795], [85.20481797510735, 27.973834852207403], [85.20475644647041, 27.974427019271445], [85.20467297493565, 27.975017065050963], [85.20456765078217, 27.975604348853494], [85.20439476104849, 27.976376649622637], [85.20418408776402, 27.97714151985076], [85.20393603120954, 27.977897503394274], [85.20365106286425, 27.97864316099782], [85.20333086209507, 27.979374633361033], [85.20297513960003, 27.980093055457246], [85.20258456742027, 27.98079706861523], [85.20215988354698, 27.981485341387895], [85.20175598510019, 27.98210742073701], [85.20155449577521, 27.982402505605535], [85.20153998650392, 27.982458272697784], [85.20148199885602, 27.982650184074714], [85.20176063893877, 27.983212113305342], [85.2020822473018, 27.98394593631855], [85.20236749629527, 27.984691513486894], [85.20261584226341, 27.98544742578605], [85.20282681175507, 27.9862122344922], [85.20287655748956, 27.986434048482124], [85.20290162029079, 27.986466692821807], [85.20333251818971, 27.987079230312077], [85.2036338646468, 27.987527312641873], [85.20378279586208, 27.987752445981755], [85.204209560979, 27.988442728928646], [85.2046020057627, 27.98914887811435], [85.20495938265987, 27.98986954963607], [85.20528101081419, 27.99060337192634], [85.20556627736715, 27.991348948361576], [85.20581463862936, 27.992104859918754], [85.20602562112038, 27.992869667875595], [85.20619882247587, 27.993641916547006], [85.20631334071271, 27.994285526444116], [85.20640161114244, 27.994932386159462], [85.20646351823893, 27.995581652549447], [85.20649898083428, 27.996232479319133], [85.20651990577892, 27.99684578625363], [85.20652922278049, 27.997389076766808], [85.20651001826519, 27.99817629522596], [85.2064521452237, 27.998962020784177], [85.20635571298465, 27.999744757720407], [85.2062209042889, 28.00052301597134], [85.20604797494764, 28.001295313967375], [85.20583725336274, 28.002060181454397], [85.20558913990601, 28.002816162294323], [85.20530410616396, 28.003561817236516], [85.20500589437768, 28.004245781390978], [85.20497577100582, 28.004307316921825], [85.20496160697371, 28.00488788403493], [85.20490373038774, 28.00567360882826], [85.20480729221418, 28.00645634500421], [85.20467247520492, 28.007234602500546], [85.20446149716827, 28.008141883771998], [85.20463291258756, 28.008403822123512], [85.20505975916586, 28.00909410294821], [85.20545227887487, 28.00980024996693], [85.20580972401751, 28.01052091928119], [85.20613141360735, 28.011254739327683], [85.20641673466815, 28.012000313487647], [85.20666514340598, 28.012756222742667], [85.20687616624946, 28.013521028374782], [85.20704940075638, 28.01429327470356], [85.20706806454763, 28.01438861343337], [85.20715026013573, 28.01481526187507], [85.20798954279121, 28.015723377481265], [85.2085025192381, 28.01630210012121], [85.20898847376577, 28.01689890900957], [85.20944659724466, 28.017512810992855], [85.20987612682012, 28.018142784456302], [85.21019250339924, 28.018647388914758], [85.21049052955215, 28.019160716704278], [85.21076989997033, 28.01968224240477], [85.21103032842746, 28.020211432197584], [85.21178142678377, 28.021806741180114], [85.212125914576, 28.022589108881903], [85.21228964771598, 28.02300374120415], [85.21286392247436, 28.024516743023298], [85.21321477151679, 28.02528198319834], [85.21348664072093, 28.025908041679997], [85.21377200049318, 28.02665361422487], [85.21402044294825, 28.02740952184564], [85.21423149445002, 28.028174325827763], [85.21440475250114, 28.028946570493645], [85.21453988651496, 28.029724785973087], [85.21463663845122, 28.030507490999923], [85.21469482331224, 28.03129319573071], [85.21471432950284, 28.032080404580256], [85.21470637785711, 28.032339215463935], [85.21484162143628, 28.032461296935423], [85.21581770344017, 28.033372603774865], [85.21665578112953, 28.034205161897376], [85.2174904124447, 28.03508803490371], [85.2180448521687, 28.03570114923565], [85.2185686817557, 28.036335102524276], [85.21906090714731, 28.036988692388263], [85.21952059417606, 28.037660679180703], [85.21994755630942, 28.038350956997135], [85.22034018230124, 28.039057100943808], [85.22037566024323, 28.039132215416146], [85.22162138577949, 28.040279666539277], [85.2221020334361, 28.040737211442718], [85.22256452680375, 28.0412092574482], [85.22300751016041, 28.04169432985907], [85.223431322328, 28.04219270496594], [85.22383545601417, 28.042703786539448], [85.22421942744802, 28.04322696314017], [85.22511022949578, 28.044487863048232], [85.22548952743324, 28.045046948540232], [85.22557186881971, 28.045181045992877], [85.22563088299836, 28.04526788352274], [85.22607650836767, 28.045911899636394], [85.22650350312188, 28.046602176603926], [85.22689615911725, 28.047308319683907], [85.22725372839648, 28.048028984985763], [85.2275755297353, 28.048762800954478], [85.22786094994404, 28.049508370979197], [85.22810944503874, 28.050264276049973], [85.22832054128179, 28.051029077457088], [85.2284938360902, 28.051801319528067], [85.22859776103081, 28.05237807008899], [85.22868059522187, 28.052957501944206], [85.2287422515684, 28.053539008233713], [85.22878266515215, 28.054121979914953], [85.22894300480789, 28.05726394644688], [85.22895771551998, 28.057638036869378], [85.22898916970695, 28.058776712243287], [85.22899527496298, 28.059215812869184], [85.22897605985457, 28.06000302424883], [85.22891815411407, 28.06078874275562], [85.22882166712947, 28.061571472681976], [85.22868678174342, 28.062349723977377], [85.22851375391065, 28.063122015085412], [85.22841433288579, 28.063482680149264], [85.2297724410227, 28.064496741486778], [85.23031976757687, 28.06492043925857], [85.23084969749567, 28.06536119733181], [85.23136155520513, 28.06581845398921], [85.23185468813858, 28.06629162648028], [85.23203044194776, 28.06646641979148], [85.23207036270372, 28.066482093685863], [85.23218097924223, 28.066513681482604], [85.23290398538501, 28.066733515792464], [85.23373132620168, 28.067018853275897], [85.23454385286789, 28.06733592552058], [85.23534001926487, 28.067684129233555], [85.23611831036027, 28.068062801882718], [85.23682902157566, 28.06844406197058], [85.23752160287944, 28.068850730678548], [85.23826035989305, 28.069304009326913], [85.23902474848671, 28.069796669215123], [85.23976253342687, 28.07032027226171], [85.2403531371396, 28.07077722443489], [85.24092346787234, 28.07125401002844], [85.24153449490132, 28.07178488760735], [85.24222586936241, 28.072415573982482], [85.24288178236407, 28.073075390138456], [85.24325356649871, 28.073484810879506], [85.24336693851768, 28.073495607927043], [85.2442726368468, 28.073618654901452], [85.2451433173548, 28.073772242725852], [85.24600561891401, 28.073959364851646], [85.24638723997231, 28.074058007413157], [85.24688571000007, 28.07405009502935], [85.24766097939454, 28.07406319796121], [85.24815189782169, 28.074079796380204], [85.24885851655267, 28.07407336596617], [85.24906740000011, 28.07407241508804], [85.24995492437375, 28.074089589132768], [85.25084076014008, 28.07414107859097], [85.25172322189957, 28.074226785498183], [85.25260063066298, 28.07434654678616], [85.25358848985405, 28.07452349293152], [85.25456526299286, 28.074743600268334], [85.2574543343672, 28.075462586305775], [85.25818965622534, 28.07565891920683], [85.25891610472206, 28.07587971833749], [85.25973347624421, 28.076161370535203], [85.26053641134536, 28.076473992433705], [85.26256810978686, 28.07731176736263], [85.26284518488, 28.077435456587352], [85.2636146753743, 28.077576266103904], [85.2647531253603, 28.077846367273423], [85.26631470741523, 28.07826017199369], [85.26744836960637, 28.078593005026335], [85.26811431194392, 28.07881974309106], [85.26877088744845, 28.079067041399128], [85.26963376176394, 28.079407990120103], [85.27059249743593, 28.079813731107606], [85.27152605978921, 28.08026328949063], [85.27228508028884, 28.080671709805983], [85.27302329779036, 28.08110910136594], [85.27373930737923, 28.081574631912133], [85.2744317463455, 28.082067415633333], [85.27509929677609, 28.082586514848515], [85.27574068806177, 28.083130941789364], [85.27635469931533, 28.08369966047752], [85.27694016169471, 28.084291588693816], [85.27772044350098, 28.08517076754265], [85.27815184406086, 28.085550520427603], [85.27865207960559, 28.0860149975926], [85.27909567774975, 28.086440346253994], [85.27952365525351, 28.0868781029734], [85.28007946751728, 28.087492114076838], [85.28042940500285, 28.087915249862476], [85.2810201091574, 28.08829928579513], [85.2817125912822, 28.088792069015028], [85.28206606081142, 28.089071834483264], [85.28211300873767, 28.0891031467134], [85.28277579159811, 28.089499789287117], [85.2834174978704, 28.08992270344521], [85.28403998226099, 28.090367642150852], [85.28470758405336, 28.09088674071512], [85.28534902469227, 28.091431166974246], [85.28596308319675, 28.09199988495112], [85.28654859063465, 28.09259181242828], [85.28700945179065, 28.093100902725837], [85.28739548920976, 28.09335186622792], [85.28808800377152, 28.09384464907106], [85.288755627086, 28.094363747362536], [85.28939708840585, 28.094908173336023], [85.29001116670975, 28.095476891014812], [85.29059669302876, 28.096068818182346], [85.29100967996158, 28.096526433315717], [85.29117261269965, 28.09666471655015], [85.29178670100748, 28.097233434078532], [85.29196231079982, 28.097410960660227], [85.2941609574217, 28.098946307591802], [85.2946501551346, 28.099298929927727], [85.29531781221823, 28.099818027791287], [85.29595930598634, 28.100362453316563], [85.29657341535665, 28.100931170527986], [85.29715897130046, 28.101523097209736], [85.29771485906866, 28.10213710696229], [85.2982400203145, 28.10277203134467], [85.29867402487605, 28.103347817111853], [85.29924666019332, 28.10368702957919], [85.29996281966868, 28.104152558533258], [85.30065540359794, 28.104645340570983], [85.30083408248703, 28.10477981753229], [85.30145672170596, 28.105253918247456], [85.30207485122509, 28.105744331554376], [85.30266993846413, 28.106256666979107], [85.30324099512245, 28.10679007393611], [85.30378585951553, 28.107345227413077], [85.30431924505444, 28.10776240298378], [85.30496078610145, 28.108306827856268], [85.30529566552678, 28.108626582171212], [85.3059834670172, 28.10912455948909], [85.30654129486919, 28.10955504437436], [85.3072461786474, 28.110119285328892], [85.30730824607929, 28.110170721023223], [85.3073561569251, 28.110207967661154], [85.3074796800027, 28.110312789457566], [85.3077599293864, 28.110545033988558], [85.30788970114702, 28.110660275368502], [85.30848440325042, 28.11101253522787], [85.3092006113946, 28.111478063665004], [85.30989324239351, 28.11197084515652], [85.310848887953, 28.112728389407835], [85.31211684362273, 28.11379905157247], [85.31291672957843, 28.114513214802855], [85.31339280049178, 28.114988550725684], [85.31342701026193, 28.11502004402695], [85.31404253497897, 28.115587426097363], [85.31434739211994, 28.115895557434897], [85.31493859507407, 28.116416502453035], [85.31557522534916, 28.11700335814669], [85.31618135825784, 28.117615073850516], [85.31673732905608, 28.118229082118205], [85.31726256875208, 28.118864004967634], [85.31775607726757, 28.119518634139865], [85.3182169148568, 28.120191723853566], [85.31864420389815, 28.120881993172418], [85.31903713056727, 28.12158812844217], [85.31939494638942, 28.12230878578788], [85.31971696966946, 28.12304259367062], [85.3198326420146, 28.123343402964167], [85.3199003080278, 28.123431797437604], [85.32033829008589, 28.124057429289678], [85.32081241485201, 28.12476656964202], [85.32092881208678, 28.12494292988555], [85.32121391991569, 28.125409955984424], [85.32149706823668, 28.125533723538126], [85.32227577686757, 28.125912392857515], [85.32317527160421, 28.12640066714073], [85.3240450409047, 28.12692958282389], [85.32460439485794, 28.12728896481508], [85.32518112758015, 28.127673511997443], [85.32574212758374, 28.128075937231017], [85.3264099629908, 28.1285950328363], [85.32705162810919, 28.129139455996153], [85.32766590153028, 28.129708170740457], [85.32825161391321, 28.13030009485783], [85.3288076502111, 28.130914101954716], [85.32933295179379, 28.13154902359514], [85.32982651846504, 28.132203651523355], [85.32999581611739, 28.132450894513], [85.3301195937214, 28.132543352767925], [85.33070228778473, 28.132863018106377], [85.33172122939828, 28.13350170389066], [85.33337724375451, 28.134608698028444], [85.33373208127404, 28.134858959070527], [85.33556916767475, 28.135676446549326], [85.33661380661044, 28.136175586112245], [85.3373732208754, 28.13658400295924], [85.33811182137316, 28.13702139080874], [85.33882820246112, 28.137486917410342], [85.33952100072293, 28.137979696961224], [85.3400339442266, 28.138374248748164], [85.34053176062503, 28.138783744532645], [85.34101389600443, 28.139207728815904], [85.34147981387497, 28.139645729977644], [85.34222285086065, 28.140367999644127], [85.34277384254318, 28.140926202460378], [85.34332993374204, 28.141540208576203], [85.34364237804289, 28.141917815936665], [85.34400504562473, 28.14213257173543], [85.34472146072619, 28.142598097976247], [85.34541429188431, 28.14309087714554], [85.34560985681708, 28.143237339647953], [85.34610431192647, 28.143471211511496], [85.3466740728195, 28.143752053283038], [85.3472309770317, 28.144047584311124], [85.34777697362449, 28.144358697881216], [85.34831150782486, 28.144685077932024], [85.34883403649019, 28.145026392890372], [85.34973688592646, 28.14563604282074], [85.35048444566928, 28.14616589327312], [85.35115239331014, 28.146684987458002], [85.35179416627324, 28.147229409130205], [85.35240854294511, 28.147798122322513], [85.35299435378812, 28.148390044827124], [85.35355048356769, 28.149004050253495], [85.354075873476, 28.149638970169462], [85.35456952314809, 28.15029359632257], [85.3548352428121, 28.150681588108625], [85.3554227390307, 28.151138140427406], [85.35606453855712, 28.15168256173331], [85.35667894066074, 28.152251274543517], [85.35726477575531, 28.152843196650906], [85.35782092856033, 28.15345720166613], [85.35834634022405, 28.154092121157476], [85.35884001034003, 28.154746746873286], [85.35930099885479, 28.155419833039105], [85.35972842785827, 28.156110098726003], [85.36012148325875, 28.156816230286893], [85.3604794163362, 28.157536883854448], [85.3608015451706, 28.158270687897414], [85.36108725594528, 28.159016245828525], [85.36133600411898, 28.159772138661992], [85.36154731546907, 28.160536927712258], [85.36172078699849, 28.161309157331516], [85.36185608770887, 28.162087357678672], [85.36195295923693, 28.162870047517117], [85.36201121635213, 28.16365573703291], [85.36203074731566, 28.164442930669736], [85.36201151409989, 28.165230129976578], [85.36195355246639, 28.166015836458826], [85.36185697190507, 28.166798554431068], [85.36172195543236, 28.16757679386535], [85.36154875924802, 28.168349073227603], [85.36133771225502, 28.169113922298095], [85.36108921543831, 28.16986988497223], [85.36080374110787, 28.17061552203313], [85.36048183200529, 28.171349413892415], [85.36012410027502, 28.17207016329462], [85.35973122630435, 28.17277639797919], [85.35930395743321, 28.173466773294024], [85.3588431065341, 28.174139974757622], [85.35834955046982, 28.174794720563682], [85.35782422842595, 28.17542976402359], [85.35726814012668, 28.176043895942257], [85.3566823439329, 28.17663594692243], [85.35606795482937, 28.17720478959336], [85.35542614230303, 28.17774934076033], [85.35475812811723, 28.17826856346801], [85.35406518398526, 28.178761468978905], [85.3533486291497, 28.179227118656684], [85.35260982786895, 28.179664625756914], [85.35185018681824, 28.180073157116908], [85.35107115241044, 28.180451934744838], [85.35027420803863, 28.180800237302833], [85.34946087124956, 28.181117401482368], [85.34863269085099, 28.181402823270275], [85.3477912439584, 28.18165595909869], [85.34693813298918, 28.181876326883128], [85.34607498260601, 28.18206350694163], [85.34520343661984, 28.18221714279497], [85.34432515485412, 28.182336941846188], [85.34344180997994, 28.18242267593962], [85.34255508432523, 28.182474181795044], [85.3416666666667, 28.182491361319478], [85.34077824900828, 28.182474181795044], [85.33989152335363, 28.18242267593962], [85.33900817847939, 28.182336941846188], [85.33812989671367, 28.18221714279497], [85.33733061491046, 28.182077582696593], [85.33651647113493, 28.181920372888555], [85.33584977495241, 28.181781186254057], [85.33518873961606, 28.18162221147867], [85.3345341130713, 28.18144362844373], [85.33388663600147, 28.1812456392164], [85.33305845681366, 28.180960217422296], [85.33224512121353, 28.180643053235656], [85.33144817800684, 28.180294750670043], [85.33066914473784, 28.179915973033758], [85.32996026979879, 28.1795360109316], [85.32926942585516, 28.17913081427389], [85.32840320351471, 28.17859998218944], [85.32763575491742, 28.1781058684694], [85.32689511231598, 28.177580620430888], [85.32673930344669, 28.177463561189484], [85.32484106906901, 28.176022820541107], [85.32421639021032, 28.17552859304908], [85.32361517418951, 28.1750120244713], [85.32303843754408, 28.174473988515103], [85.32248715536451, 28.173915395184054], [85.32193107806455, 28.173301263080134], [85.3214057664103, 28.172666219428322], [85.32103137364749, 28.172178769063805], [85.3203282351871, 28.17163787982588], [85.32021951692928, 28.171545062360167], [85.31956553479824, 28.171140776448567], [85.31792268494365, 28.17006225341339], [85.3169536100412, 28.169384787196748], [85.31637611203126, 28.168938595743214], [85.31581796698214, 28.168473467517515], [85.31527996493514, 28.167990061107844], [85.31476286737961, 28.16748906097348], [85.31419180891902, 28.166914426388416], [85.3136001505896, 28.166409428885743], [85.31325979733964, 28.16610308216798], [85.31249438350136, 28.16573601857442], [85.31200287049705, 28.165492456191203], [85.31124333241075, 28.165083923996633], [85.31050463126337, 28.16464641600163], [85.30978817353986, 28.164180765370304], [85.30909532331339, 28.163687858848846], [85.30860506040915, 28.163311245581895], [85.30855685286559, 28.163265324527913], [85.30850035496519, 28.16322818526578], [85.30778891615904, 28.162845210678427], [85.307320116899, 28.16258006380116], [85.30676732335792, 28.162256068685792], [85.30622672265076, 28.161916300930386], [85.30594710179366, 28.16172814400528], [85.30505287721786, 28.161364910116447], [85.30392974167825, 28.160830946904866], [85.30324722696008, 28.160465677599916], [85.30258137450392, 28.1600770062401], [85.30193320532459, 28.159665528917003], [85.30130371328352, 28.159231876692104], [85.30077987973118, 28.158856198514457], [85.30049855612549, 28.158650719150273], [85.29983066371517, 28.158131495008206], [85.2991889681781, 28.157586942335], [85.29857469105451, 28.157018098088088], [85.29839369004264, 28.15683513060179], [85.29821701344468, 28.15673316515057], [85.29762277357725, 28.156362799344834], [85.2970438224337, 28.155973880256454], [85.29641740645536, 28.155537259483992], [85.2952539387963, 28.154768052979136], [85.2943389164488, 28.15412610840235], [85.29345843354264, 28.153431678022116], [85.29262477022542, 28.152693254078088], [85.29086818481551, 28.151044507390964], [85.29007309628946, 28.15025287615026], [85.28962259767184, 28.149759526222226], [85.28919195420036, 28.149252439550537], [85.28878169838669, 28.148732243504128], [85.28839233749613, 28.148199581661515], [85.28789526689013, 28.14749262000589], [85.28754074230767, 28.146968845025015], [85.28701828811381, 28.146114108026325], [85.28654852503416, 28.145235673690706], [85.28619678349406, 28.144529372747627], [85.28575122079144, 28.14407891683527], [85.28516790210597, 28.14343305447113], [85.28461859783653, 28.142764171665817], [85.28423678720276, 28.142276105816734], [85.28377076170102, 28.141653220250305], [85.28333423754697, 28.141013763152046], [85.2829070973558, 28.14032338464068], [85.28251434168374, 28.139617146680166], [85.28232810913812, 28.13924181503154], [85.28194108139525, 28.138966032594283], [85.28115301540697, 28.13837801272632], [85.28049158182904, 28.13786238334461], [85.2798559342948, 28.137321872669816], [85.27924726265672, 28.13675749280202], [85.27899931112364, 28.136506707154638], [85.2789857126553, 28.136497148318938], [85.27851613358831, 28.136152604575045], [85.27840944086199, 28.136073775306954], [85.27774168844383, 28.135554549515177], [85.27710012739635, 28.135009995109158], [85.27648597900378, 28.13444114904928], [85.27616498863404, 28.134112138555395], [85.27591376199757, 28.133924429699846], [85.27524602289833, 28.13340520375101], [85.27460447464614, 28.132860649179975], [85.27420707839087, 28.13249255919783], [85.27330380595163, 28.13194947358687], [85.27268679403397, 28.131563489569317], [85.2720863597155, 28.131157482059393], [85.27081878788755, 28.130266897054923], [85.27037630516725, 28.1299469478285], [85.26973732941707, 28.129451027510527], [85.26912224740948, 28.12893191023835], [85.26853212960935, 28.128390499756563], [85.26796800297438, 28.127827738606527], [85.26752751104397, 28.12736939963372], [85.26742697555397, 28.12726397592877], [85.26687113902943, 28.126649839767083], [85.26634605480126, 28.12601479191227], [85.26608844727627, 28.12567206252004], [85.26537511016903, 28.125207707741367], [85.26468251059913, 28.124714798520188], [85.26401482855277, 28.124195571898895], [85.26337333511111, 28.123651016621352], [85.26275925142977, 28.123082169649877], [85.26217374641448, 28.122490114186576], [85.26166207640125, 28.12192927547494], [85.26122778201591, 28.12167393962949], [85.26051161007979, 28.121208286189926], [85.25981903620385, 28.120715376692033], [85.25919893043852, 28.12023466705864], [85.25860127449937, 28.11973210554646], [85.25829023359739, 28.119459743631353], [85.25762841171775, 28.118852445894845], [85.25699936446739, 28.118218361575032], [85.25651808652884, 28.117680889102076], [85.25637971564322, 28.117606430345575], [85.25564134003048, 28.117168919439507], [85.25492519801833, 28.11670326570561], [85.2542326530783, 28.11621035589593], [85.25377513001712, 28.11585949611009], [85.25320508538431, 28.115409040735756], [85.25229699746637, 28.114645768114656], [85.25144353456989, 28.113834460551516], [85.25125005565275, 28.113638808798726], [85.25023159875565, 28.112711382258738], [85.2497160539287, 28.112224180699968], [85.24922120435741, 28.111720392812288], [85.24911438874972, 28.11160235644212], [85.24847057955174, 28.111375980669038], [85.24753571243843, 28.11101967677814], [85.24668822789914, 28.110676081108352], [85.24608449038942, 28.110401011448175], [85.2459077523277, 28.110415678750883], [85.24523260595299, 28.11045169207995], [85.2445564825639, 28.110467792258532], [85.24360797394718, 28.110476393674503], [85.24339993000012, 28.11047733659882], [85.24237922260812, 28.110454625859575], [85.2413610850225, 28.110386550819896], [85.24071606877266, 28.110328961387097], [85.23996642353785, 28.110249548484717], [85.23922061692724, 28.110145535477614], [85.23834965417876, 28.10999189808399], [85.23748708140255, 28.10980471614772], [85.23663454130696, 28.109584346151337], [85.23579365746548, 28.10933120778043], [85.23506868409237, 28.109076552760882], [85.23502278144412, 28.109065694983485], [85.23452859928017, 28.109018621427197], [85.23362290789976, 28.108895568720527], [85.23281338398164, 28.10875392026844], [85.23201100274656, 28.108583290258935], [85.23121708351545, 28.10838395925765], [85.23043293167507, 28.108156255020674], [85.22952800048535, 28.107875335446295], [85.22828546589017, 28.107587851283938], [85.22736728364828, 28.107354867869333], [85.2264624425431, 28.107083943355576], [85.22547592239187, 28.106739442698995], [85.22451098022532, 28.10634984965742], [85.22343180649665, 28.105883660675033], [85.22279407720487, 28.105595754837566], [85.22216816031977, 28.105288144470876], [85.22140904656197, 28.104879608833755], [85.22067075807723, 28.104442097147682], [85.21995470056385, 28.10397644258296], [85.21926223733254, 28.10348353189221], [85.21872705844879, 28.103070939727502], [85.21744338205178, 28.10204590248486], [85.2173823277895, 28.10200831443649], [85.21663119852155, 28.10152296358416], [85.21590584762828, 28.101007706948565], [85.21523831232139, 28.100488478596162], [85.21459695985163, 28.099943921500596], [85.21398301110611, 28.09937507262697], [85.21339763473384, 28.098783015181084], [85.21326273202101, 28.098638899967966], [85.21315675742602, 28.09852448423453], [85.21264621291482, 28.09831319677238], [85.21193031121442, 28.097985722068984], [85.21011297228495, 28.09711358586486], [85.20962219448433, 28.096870223790177], [85.20886313995254, 28.09646168767182], [85.20812490906582, 28.096024175470063], [85.20740890741229, 28.09555852035595], [85.20671649819627, 28.095065609082724], [85.2065031888643, 28.094904616989652], [85.20574509439462, 28.09432442472564], [85.20524891655873, 28.093931956949177], [85.20476746410662, 28.09352532335288], [85.20430125094327, 28.09310495812025], [85.20385077468467, 28.092671310092214], [85.20244937511848, 28.091275547758414], [85.20174492525916, 28.091022942254256], [85.20069142530025, 28.09058356232555], [85.2002058114025, 28.090365770356925], [85.19921330279652, 28.08988953980804], [85.19845429735955, 28.089481003291098], [85.19771611421777, 28.089043490661766], [85.19700015886849, 28.088577835091826], [85.19630779442787, 28.08808492333577], [85.19564033903384, 28.087565694040336], [85.19499906333567, 28.087021135954217], [85.19438518807482, 28.086452286044278], [85.19379988175996, 28.085860227518026], [85.19333564846283, 28.085350945665766], [85.19289255965839, 28.08482705988621], [85.19214881646053, 28.083913611942933], [85.19156326844194, 28.083154400674857], [85.19102210552694, 28.082369713124592], [85.19059519732355, 28.08167932884328], [85.19020265492213, 28.08097308496866], [85.18984522503342, 28.080252326169557], [85.1895235874731, 28.07951842472346], [85.18939426576031, 28.079180356825702], [85.18896804376675, 28.078664645402057], [85.18847492742862, 28.078009890655665], [85.18801448705511, 28.077336679983034], [85.18750709584805, 28.076507623527164], [85.18704924680759, 28.075656182997875], [85.1868114121857, 28.075182401320205], [85.18653326853291, 28.074601158185317], [85.18627822263562, 28.07401163998486], [85.18599300355027, 28.073265992574875], [85.18574472882455, 28.07251001938738], [85.18553387034933, 28.071745159658064], [85.18536082875477, 28.070972869511365], [85.18522787284962, 28.07020767107855], [85.18513204177657, 28.06943811847418], [85.18507176386981, 28.068835949737093], [85.18501190112414, 28.06803716057425], [85.18499203454377, 28.067236802363084], [85.18501154729785, 28.066449597549422], [85.18506975130248, 28.06566389685537], [85.18516653492378, 28.06488119585805], [85.185301713103, 28.064102984393173], [85.18531564113846, 28.06403377149485], [85.18545144079121, 28.0633664510122], [85.18562378683282, 28.062611956364833], [85.18583224660921, 28.06186466765837], [85.18607644011547, 28.06112594447103], [85.18635592236086, 28.06039713077024], [85.1864163137887, 28.060259432963164], [85.18604039404465, 28.059804504651424], [85.18554736372357, 28.059149748153345], [85.18508700365493, 28.058476535676448], [85.18466018976915, 28.05778614904648], [85.184267734076, 28.057079902764713], [85.1840310224552, 28.056602465769004], [85.18249449850765, 28.055551507645134], [85.18183830095268, 28.0550831306864], [85.18117104939643, 28.054563898983588], [85.1805299695244, 28.054019338369017], [85.17991628170472, 28.053450485813926], [85.17933115408977, 28.0528584245302], [85.17862003265623, 28.05206187294283], [85.17796058189998, 28.05123107455296], [85.17708921443824, 28.050064858740996], [85.17642637964354, 28.04911514842547], [85.17599960268006, 28.048424760875662], [85.17560718093023, 28.04771851365126], [85.1752498608758, 28.046997751426943], [85.17492832212446, 28.046263846486227], [85.17464317611967, 28.04551819610799], [85.17439496498218, 28.044762219904896], [85.17418416048264, 28.043997357118485], [85.17401116314937, 28.043225063878822], [85.17388522090056, 28.04250623319723], [85.17369260282192, 28.04123904542263], [85.17357480880366, 28.040265263120887], [85.17351672761771, 28.039287244994114], [85.17349869507854, 28.038660065448482], [85.17311573324031, 28.03834400582383], [85.17262580305373, 28.0379111878367], [85.17215273810172, 28.03746384481127], [85.17171884861489, 28.037039308005774], [85.17120328955775, 28.036514882748406], [85.17058120546102, 28.035823139771537], [85.16999809513067, 28.03510516758996], [85.16927062305945, 28.034161480157934], [85.16884408905099, 28.033584816447558], [85.1684427057939, 28.03299411037341], [85.16801599237175, 28.032303721239998], [85.16762362903688, 28.03159747239272], [85.16726636215998, 28.030876708508742], [85.16694487124823, 28.030142801874945], [85.16662669520963, 28.029303128362017], [85.16625757729139, 28.028243597032315], [85.16591929220573, 28.027152399886006], [85.16565875471355, 28.0260445327699], [85.16553041911965, 28.02530976818207], [85.1654363005971, 28.024570936178122], [85.16537655820792, 28.023829290911863], [85.16535129265469, 28.023086091286643], [85.1653386531674, 28.021912509487606], [85.16533772470473, 28.021737025232426], [85.1653572289664, 28.020949815196047], [85.16541540820191, 28.020164109278312], [85.16549055460638, 28.019556129521106], [85.16536681357917, 28.01919070994967], [85.16517104760686, 28.01852772053718], [85.16444373920808, 28.016496750653346], [85.16425078276473, 28.015923690718353], [85.16407933125754, 28.01534527101728], [85.16392957266834, 28.014762126903634], [85.16380167114198, 28.014174898910653], [85.1636733388562, 28.013440062191876], [85.1635792264857, 28.012701157386118], [85.16351949311331, 28.011959439011207], [85.16349423944553, 28.01121616633685], [85.16348528528971, 28.010383300038598], [85.16340752957552, 28.009574159806277], [85.16336184169694, 28.00898501700044], [85.1633378967473, 28.008394862906528], [85.16331047932323, 28.00715558895996], [85.16330656086052, 28.00679828617399], [85.16332606233811, 28.00601107442401], [85.16338423345383, 28.005225366792217], [85.16348096263943, 28.004442658869607], [85.16361606494172, 28.00366444050519], [85.16369762797484, 28.003311693478736], [85.16365967465453, 28.002783183346708], [85.1636414188074, 28.002015586475352], [85.16365692058503, 28.001314003375285], [85.16370313867304, 28.000613485398674], [85.16372191618416, 28.00044287094562], [85.16352009482222, 28.0000355911709], [85.16319869532146, 27.9993016812997], [85.16291367276568, 27.99855602590236], [85.1626655690423, 27.997800044600297], [85.16245485571926, 27.997035176644317], [85.16243217282118, 27.996933871372903], [85.16221025558798, 27.99657470634702], [85.16181802154506, 27.995868453904905], [85.16146087236837, 27.99514768634532], [85.16113948734164, 27.994413775961277], [85.16085447761759, 27.99366812004189], [85.16060638505917, 27.992912138209363], [85.16039568121317, 27.992147269715645], [85.16022276641866, 27.99137497070143], [85.16008099615436, 27.990549147776335], [85.16000480225301, 27.990023956800485], [85.15993192401908, 27.98944900381963], [85.15987984605067, 27.988872272537492], [85.15984862154181, 27.98829435572833], [85.15983828225148, 27.987715847376194], [85.15986784015342, 27.9867460253771], [85.15995606353897, 27.985779014502725], [85.16011174914883, 27.984500657066974], [85.16014978658438, 27.984230717663877], [85.16008194449728, 27.98350938212485], [85.16005066948128, 27.982505697704482], [85.16006046740836, 27.981948447350703], [85.16009289095382, 27.98102168209789], [85.16012865221586, 27.980374361473423], [85.16019057074232, 27.979728598032466], [85.16027856622094, 27.979085224510925], [85.16039252471745, 27.97844507054765], [85.16040462834349, 27.97836186918738], [85.159862538472, 27.9780438511346], [85.15965741153042, 27.977918376486855], [85.15924120357488, 27.977651719890673], [85.15894234936184, 27.97745257405819], [85.15863668262318, 27.977239476003433], [85.15824812772752, 27.976963329439513], [85.15816592645916, 27.97690224655821], [85.15777719494162, 27.976626090594664], [85.15692282922777, 27.97595226640675], [85.15611247566045, 27.975236878863768], [85.15514253752957, 27.974331046703014], [85.15430204352396, 27.973495631454227], [85.15361631305046, 27.972728559815152], [85.15317429731022, 27.97220556843905], [85.15273296793521, 27.97166269152052], [85.15231462644556, 27.971105653903635], [85.15182706350907, 27.970429591790662], [85.15148130753852, 27.970232106264575], [85.15087800698876, 27.969859466981234], [85.15029027730162, 27.969467706127432], [85.14971888687757, 27.969057336005392], [85.14905216504303, 27.968538098036333], [85.14841159407166, 27.967993530840545], [85.14779839336262, 27.967424671399897], [85.14721373014112, 27.96683260293827], [85.14683489482388, 27.966419409793332], [85.14641086119718, 27.965942711447838], [85.14596473448364, 27.965422038408917], [85.1455401594639, 27.964887349790388], [85.14513769388549, 27.964339348395015], [85.14475786641094, 27.96377875451384], [85.14433142520471, 27.963088358588493], [85.14393931212277, 27.962382102779998], [85.14358227306224, 27.961661331778032], [85.14326098709785, 27.960927417882147], [85.14303248539369, 27.960338243308286], [85.14282702932326, 27.959742415357596], [85.14264486347162, 27.959140644437582], [85.14248620464332, 27.958533648029913], [85.14230365702946, 27.957776092114898], [85.14216200818856, 27.957131068398667], [85.14202725317057, 27.95635280527233], [85.14193085924961, 27.955570063422158], [85.14187300909526, 27.954784332921236], [85.14185381199411, 27.95399710949971], [85.14189107224928, 27.952907790077802], [85.14200230768455, 27.95182245356864], [85.14203272136302, 27.951600261682756], [85.1417681157497, 27.951058670551333], [85.14160126747106, 27.95067560273992], [85.14144202023857, 27.95037775830758], [85.14105012629159, 27.949592921400495], [85.14047782972341, 27.949312581819584], [85.13971980921553, 27.948904037285956], [85.13898258392459, 27.94846651606133], [85.13826755752223, 27.948000851331813], [85.13757609135473, 27.9475079298673], [85.13723674697849, 27.947249311317933], [85.13690235738119, 27.946988739295705], [85.13632975682049, 27.946525083316146], [85.1357774817642, 27.946042377398214], [85.13524633514203, 27.945541323565465], [85.13473708912335, 27.94502265051642], [85.13418218766242, 27.944408498546068], [85.13365798665552, 27.943773434316427], [85.1331654836955, 27.943118667058627], [85.13270561596744, 27.942445443498855], [85.13234476555886, 27.941865898003186], [85.13200810426571, 27.94127498466787], [85.13169608510003, 27.94067349932385], [85.13140912786514, 27.940062252027303], [85.13123039675912, 27.939660957904437], [85.13103031094528, 27.93919282858741], [85.13074544596248, 27.93844716677387], [85.1304974793444, 27.937691178953457], [85.13028688240075, 27.936926304389203], [85.13011405526862, 27.936153999232886], [85.13009483753581, 27.936043849914938], [85.12975036086885, 27.935268742324524], [85.12946550615573, 27.934523080092504], [85.12921754847378, 27.93376709184679], [85.12905056578194, 27.933160599256098], [85.12883569174176, 27.93298381742352], [85.12801407500251, 27.93270106206927], [85.12720767837908, 27.9323862298761], [85.1264364274889, 27.932067222626642], [85.12563609101124, 27.931716987624952], [85.12485384172174, 27.931335882921076], [85.12377687697926, 27.930743010519222], [85.12274362166545, 27.930091668154148], [85.12235699988656, 27.92983147427259], [85.12156601476579, 27.92927106696942], [85.12072260479903, 27.92860606763918], [85.11992204429708, 27.927900526968813], [85.11941103017716, 27.92742444330213], [85.11897329016955, 27.927003434390144], [85.1185508236644, 27.9265702922944], [85.11799601639296, 27.925956138727315], [85.11747190435335, 27.92532107284353], [85.1169794849693, 27.92466630387736], [85.11651969526753, 27.92399307855794], [85.11609341009506, 27.923302678733364], [85.11570144045822, 27.922596418928606], [85.11534453198175, 27.92187564384045], [85.11502336349315, 27.921141725775783], [85.11473854573529, 27.92039606203707], [85.11449062020824, 27.919640072261018], [85.11428005814395, 27.91887519571401], [85.1141072596136, 27.91810288855163], [85.11397255277308, 27.917324621044486], [85.11387619324347, 27.916541874779], [85.11381836363057, 27.915756139836617], [85.11379917318402, 27.914968911955896], [85.11382669002279, 27.914032921888406], [85.11390881568849, 27.913099458968247], [85.11399792519813, 27.912340611858667], [85.11408513282771, 27.91170681949677], [85.11419752284058, 27.911076163977896], [85.11437059200455, 27.91030390595199], [85.11458141359088, 27.90953908871188], [85.11482958554461, 27.90878316796136], [85.11511463474841, 27.908037582440727], [85.11543601792982, 27.90730375119108], [85.11579312269885, 27.906583070853628], [85.1161852687199, 27.905876913014083], [85.11661170901044, 27.90518662159252], [85.11707163136668, 27.90451351028804], [85.11724766879843, 27.904279528030827], [85.11710624445362, 27.903765725189885], [85.11693346984373, 27.902993416348806], [85.11681241190246, 27.902305476874176], [85.1166956391952, 27.90154616596743], [85.11653831256439, 27.901081288558146], [85.11634475550102, 27.90041935457515], [85.11617956869634, 27.89975138048237], [85.11590156585714, 27.898515940985874], [85.1158154481422, 27.898108998868906], [85.11568076594506, 27.89733072911895], [85.11566435833504, 27.897197422348142], [85.11551657455533, 27.89707954609844], [85.11504115406393, 27.896674857145285], [85.11296373909408, 27.894848175333436], [85.1123111758398, 27.89424717167219], [85.11169060976715, 27.893619989006083], [85.11111006868015, 27.8929757678942], [85.11056328878959, 27.892308638350244], [85.1096617406244, 27.891154050998466], [85.1091953952822, 27.89052950113404], [85.10875864280638, 27.889888284845085], [85.10826820960568, 27.889087194951628], [85.10789526902965, 27.888439546841596], [85.10735679060281, 27.887428284143482], [85.10698067213116, 27.886591361122953], [85.10664665682776, 27.88642721552327], [85.10579662327507, 27.885966011459516], [85.10497306356802, 27.88546833287478], [85.10314698394666, 27.884305608760826], [85.10258141029067, 27.88393211744915], [85.10203076165163, 27.883541416526157], [85.10113438556323, 27.882882453740137], [85.10102451457038, 27.88280110143853], [85.10035832152744, 27.882281857199473], [85.09971825856286, 27.881737283418033], [85.09910554410897, 27.88116841708745], [85.09852134446527, 27.880576341443486], [85.09812578134591, 27.88014395824098], [85.0975258690101, 27.879467109965447], [85.09706498462594, 27.878926516197623], [85.09662728784934, 27.87837091557259], [85.0964326960297, 27.878113749114334], [85.09587565911448, 27.878188947833564], [85.09467209250664, 27.87831888637436], [85.09314280236379, 27.878442946513758], [85.09222071835251, 27.878498976099706], [85.09129672, 27.878517665535128], [85.0906010848434, 27.878507074965682], [85.08990626636864, 27.878475315690082], [85.08921308029744, 27.8784224249942], [85.08852234043212, 27.878348464971396], [85.08729641311464, 27.87819822070969], [85.08654414839106, 27.87809321584018], [85.0856750489101, 27.877939573504193], [85.08481432141213, 27.877752385543943], [85.08396360508436, 27.877532008451396], [85.0831245200198, 27.8772788619238], [85.08243308283159, 27.877042413032598], [85.08175181362577, 27.876783709160406], [85.08108161926441, 27.876503094703764], [85.08042339184675, 27.876200943224433], [85.07989871767546, 27.875949217119228], [85.07939145770473, 27.87569745002122], [85.0786339501339, 27.875288901300166], [85.07789722367806, 27.87485137558599], [85.07718268105799, 27.87438570607202], [85.07649168269796, 27.87389277953656], [85.07639726738608, 27.873819184236027], [85.0762155772249, 27.87379542332542], [85.07564546023889, 27.87371348713981], [85.0749559560083, 27.873591589281375], [85.07420865131195, 27.87407448158018], [85.07339453210187, 27.87457406049282], [85.07255399306831, 27.87503780957212], [85.07149707426885, 27.87558969712893], [85.07136413866414, 27.875658510110213], [85.07058729260126, 27.876037303819146], [85.06979258699613, 27.876385621149666], [85.068981535126, 27.876702798768747], [85.0681556814398, 27.876988232640883], [85.06731659861487, 27.877241379178543], [85.06646588455743, 27.877461756280013], [85.06560515935683, 27.87764894424788], [85.0647360621955, 27.87780258658995], [85.06397728866773, 27.87790838847843], [85.06321455465701, 27.877988617504514], [85.0624061727342, 27.87805989906724], [85.0614048037827, 27.878126026156963], [85.06040098000005, 27.878148086502904], [85.05951505810009, 27.87813090625366], [85.05863082344001, 27.878079398225225], [85.05774996004163, 27.877993660514107], [85.0568741454963, 27.877873856406097], [85.05600504776618, 27.877720214065505], [85.05514432200226, 27.87753302609957], [85.05429360738793, 27.87731264900026], [85.05345452401394, 27.877059502465045], [85.05234213685219, 27.876666291410913], [85.0510769904825, 27.876180218686613], [85.05001382294358, 27.875738916352248], [85.04898112001104, 27.87524378105695], [85.04798478200263, 27.874697898235695], [85.04702621612637, 27.874106076216037], [85.04650116554558, 27.874200895882325], [85.04586520455291, 27.874291344814196], [85.04522633505695, 27.874363826063984], [85.04458519984519, 27.874418266706243], [85.04394244398827, 27.8744546119662], [85.04302449249303, 27.87449353830317], [85.04205665000012, 27.874514046016202], [85.0411707576655, 27.874496865758317], [85.04028655251449, 27.874445357704133], [85.03940571851211, 27.874359619949985], [85.03852993319424, 27.874239815781777], [85.03804353079249, 27.87415814443318], [85.03735815405565, 27.87403535481542], [85.03661380969208, 27.873889026471147], [85.03587617181256, 27.87371797334322], [85.03514628018809, 27.87352243655306], [85.0344251636543, 27.873302691734295], [85.03380637635365, 27.873092295467984], [85.03319564350534, 27.872864072544075], [85.03259361530115, 27.872618265948688], [85.0320009326528, 27.872355137387615], [85.0314222006383, 27.872087628710233], [85.03107824861945, 27.871913761635312], [85.0302102246348, 27.871856714591786], [85.02934306613997, 27.87177151992131], [85.02848082695164, 27.871653302454547], [85.02761177886339, 27.871499659981737], [85.0267511022621, 27.871312471854708], [85.02590043623735, 27.871092094565824], [85.02506140078685, 27.8708389478125], [85.02423559372676, 27.870553513697246], [85.02342458764491, 27.87023633580759], [85.02262992690345, 27.869888018179893], [85.02185312469368, 27.869509224147123], [85.02109566015281, 27.869100675074492], [85.02035897554367, 27.868663148983217], [85.01964447350781, 27.86819747906742], [85.01895351439197, 27.867704552105977], [85.01839741216975, 27.867274245933913], [85.0177261969809, 27.866735510787862], [85.01721365315325, 27.866309606713173], [85.01671797600801, 27.865868218872606], [85.01623975732224, 27.865411874411336], [85.01577956800071, 27.864941118330137], [85.01516356229172, 27.864255327151625], [85.01458580076792, 27.86354373411484], [85.01390954296971, 27.862674228140236], [85.01355336393948, 27.862540724148744], [85.01275875932305, 27.862192406149063], [85.01198201197445, 27.861813611711284], [85.01122460092574, 27.8614050622013], [85.01048796833862, 27.860967535641294], [85.0097735167547, 27.860501865225956], [85.00907653752233, 27.860004407288386], [85.0076926874334, 27.85897052849475], [85.00703006447742, 27.85845322967515], [85.00639334617449, 27.857910844170306], [85.0057837336181, 27.857344395456778], [85.00520237669997, 27.856754952403094], [85.00464792498997, 27.85614079280049], [85.0041241487985, 27.85550572066495], [85.00363204491089, 27.854850945242106], [85.00316966993881, 27.854173275584117], [85.00245458846729, 27.85307062858658], [85.00203036890059, 27.85238230082632], [85.00164022514241, 27.851678229985225], [85.00128489447638, 27.850959747797503], [85.00096504829662, 27.850228213229627], [85.00078022509308, 27.849756422205246], [85.00057724029523, 27.849214214336257], [85.00021069884684, 27.84812090229343], [84.99992260943054, 27.847009189839923], [84.99973480800139, 27.846163023191878], [84.999658774002, 27.845801025838227], [84.99952415615712, 27.845022750225723], [84.9994278601568, 27.84423999579144], [84.99937006848916, 27.843454252632057], [84.99935089033448, 27.842667016501537], [84.99935451416388, 27.84232901989094], [84.99936709428499, 27.841737251733434], [84.99939742921515, 27.841034833989], [84.99945851202682, 27.840333998974472], [84.99955024947042, 27.839635809808783], [84.99967250180168, 27.838941325577252], [84.99982241144602, 27.838262562226987], [85.00000146919973, 27.83758940362611], [85.00022828144341, 27.836804215461314], [85.00032435288892, 27.836502475130487], [85.00020071898439, 27.83632408746746], [84.99977477651095, 27.835633679064074], [84.99938312192415, 27.83492741046689], [84.99902650025098, 27.834206626388266], [84.99870558977568, 27.83347269915123], [84.99831069438716, 27.832405428884897], [84.9981625971771, 27.831958778343107], [84.99787123101191, 27.830979481366796], [84.99764213296902, 27.82998719398529], [84.99751306475491, 27.829246010043335], [84.99741874908659, 27.828500698659695], [84.99735934814106, 27.827752547044213], [84.9973349637877, 27.82700284728611], [84.9973307750214, 27.826741548767643], [84.99706896221636, 27.82586391887179], [84.99700623487502, 27.82564671744268], [84.99664891712166, 27.824376725303694], [84.99661090269166, 27.824334604707246], [84.9960872791043, 27.823699529727264], [84.99559531857335, 27.823044751366126], [84.99533113156207, 27.82265756173166], [84.99478369061205, 27.822822805271358], [84.99393340109572, 27.823043184031235], [84.99307310544378, 27.823230373407057], [84.9922044420187, 27.823384016904072], [84.99122565609349, 27.823515687374027], [84.99039977286287, 27.82360853235423], [84.9891292185057, 27.82371540694004], [84.98785362000012, 27.823751078821317], [84.98696814007872, 27.823733898442924], [84.98608434655341, 27.82368239002784], [84.98520392260406, 27.823596651672915], [84.98432854498333, 27.823476846665017], [84.98428322428327, 27.823463529126172], [84.98395364502193, 27.823792462916742], [84.98345489764131, 27.82427244378016], [84.98293692875382, 27.824736056439917], [84.98240041736472, 27.825182692934447], [84.98184606682128, 27.825611767556666], [84.9811553743142, 27.826104697413257], [84.98044114799166, 27.82657037006038], [84.97970474767459, 27.827007898714896], [84.97894757546237, 27.827416450178305], [84.97824995578515, 27.827756765565766], [84.97793922240015, 27.828048073846162], [84.97725034513542, 27.82872293614679], [84.97677927163164, 27.82916898579964], [84.97629145802824, 27.82960058222335], [84.97578746495452, 27.830017229227508], [84.97526787166026, 27.830418447803027], [84.97457714873781, 27.830911377329187], [84.97386289096102, 27.83137704966458], [84.9731264582112, 27.831814578026524], [84.97236925264929, 27.832223129216914], [84.97171016535964, 27.83254712849623], [84.96891396109561, 27.833862047609387], [84.96829198908341, 27.834142472820474], [84.96765954650687, 27.83440373949753], [84.96701737990236, 27.834645539212886], [84.96636624730081, 27.8348675865181], [84.96563077327568, 27.835091510487587], [84.96488619184379, 27.835290235366244], [84.96382651629204, 27.835553496622254], [84.96286287365047, 27.835770429278284], [84.96188843787286, 27.83594516453246], [84.96105224082294, 27.83606033679615], [84.96021136993625, 27.836144429539786], [84.95936728659723, 27.836197296615126], [84.9585214577815, 27.836218846142458], [84.9578555276907, 27.83622346689424], [84.95769714, 27.83622401620471], [84.95681155884478, 27.83620683585599], [84.95592766427887, 27.836155327529525], [84.95504713967506, 27.83606958932205], [84.95417166197814, 27.83594978452038], [84.95335989972551, 27.835807300324404], [84.95255534517474, 27.83563552605068], [84.95175933530766, 27.835434747154068], [84.95097319288698, 27.835205297287303], [84.95007072945941, 27.834923654047202], [84.94985103357538, 27.83485382655192], [84.94949092921235, 27.8347293174225], [84.94922198088238, 27.834724099730295], [84.94833809833125, 27.834672591393314], [84.94745758569616, 27.834586853168446], [84.94658211989923, 27.834467048342276], [84.94566501227916, 27.834303818510534], [84.94488968350112, 27.83414922396679], [84.9442559249481, 27.834013317445], [84.94362740357167, 27.83385938898641], [84.94300476777255, 27.83368759739284], [84.9423886598708, 27.833498119893704], [84.9415631356245, 27.833212684302453], [84.94075240727642, 27.832895504771102], [84.93995801865873, 27.832547185338967], [84.93918148244404, 27.832168389341916], [84.93842427726213, 27.831759838148344], [84.93768784488162, 27.83132230978316], [84.93697358746306, 27.830856637444242], [84.93628286488706, 27.83036370791433], [84.93555688071115, 27.82979528280856], [84.93466867495437, 27.829065695633005], [84.93379740785008, 27.828305583324607], [84.93318058394806, 27.827734078957803], [84.9327199143915, 27.82729274463918], [84.93227606360944, 27.82683799381107], [84.93183583757423, 27.82634330700398], [84.9313874587728, 27.825995053015163], [84.930802891989, 27.825503363906193], [84.92984183850598, 27.824662276412823], [84.92916935144103, 27.82404501437435], [84.928530683534, 27.823399989716336], [84.92797640124604, 27.8227858272337], [84.92745278508318, 27.822150752115306], [84.92696083152686, 27.821495973611206], [84.92650147671827, 27.820822738467086], [84.9264491531058, 27.820739020946917], [84.92591791968499, 27.82047985599428], [84.92509115745673, 27.8200316753817], [84.92478862564326, 27.819858737709865], [84.92434084268177, 27.820131096479145], [84.92346021243378, 27.820610175697254], [84.92268375844964, 27.82098897230196], [84.92188945395708, 27.82133729229224], [84.92107881146848, 27.821654472331318], [84.92025337465213, 27.82193990837942], [84.91941471538956, 27.82219305684532], [84.91856443077938, 27.822413435624412], [84.91848762660373, 27.82243103262556], [84.91761570249872, 27.822964165795042], [84.91671801681366, 27.823453059215524], [84.91594154260838, 27.823831855670676], [84.91514721742908, 27.82418017552385], [84.91433655382701, 27.824497355437984], [84.91351109551096, 27.824782791373707], [84.91267241440363, 27.825035939740303], [84.9118221076451, 27.82525631843265], [84.91096179454735, 27.825443507751288], [84.91009311350649, 27.825597151201407], [84.90911553894546, 27.825728683184252], [84.90836029710232, 27.82581362689092], [84.90708909938849, 27.82592060618066], [84.90581285000002, 27.825956313055485], [84.90492735218504, 27.825939132682265], [84.90404354080022, 27.825887624282927], [84.90316309905973, 27.82580188595398], [84.90228770375006, 27.825682080982517], [84.90142036311346, 27.825528701855887], [84.90032067440444, 27.82531198744357], [84.9000814685495, 27.825258612166238], [84.89996852235811, 27.82528219419038], [84.89832215424889, 27.825599880973584], [84.89759567353951, 27.82585200873865], [84.8968539311378, 27.826077739490756], [84.89610293514369, 27.826277835694043], [84.89534380612304, 27.826451998772995], [84.89457767679471, 27.826599968847063], [84.89249286187618, 27.82696527714461], [84.89209317984665, 27.827031617504872], [84.8912370906512, 27.82714915279979], [84.89037613931697, 27.827234107628556], [84.88906309489943, 27.8273385045419], [84.88816002721268, 27.827392289156364], [84.88725516000005, 27.827410229253758], [84.88618557977367, 27.827385158482343], [84.88556828302399, 27.827341669852387], [84.88507810266401, 27.827428366482536], [84.88420269334529, 27.827548171425008], [84.8833222375149, 27.82763390973338], [84.88243841198607, 27.827685418120268], [84.88155290000003, 27.827702598489225], [84.88052802734308, 27.827679581225027], [84.87950576968763, 27.82761058816169], [84.87867723485101, 27.827535916077522], [84.87793638305794, 27.827456888735014], [84.87719929974816, 27.827353706674785], [84.87633060472433, 27.827200063261785], [84.87547027777845, 27.827012873988792], [84.87461995733332, 27.826792495349707], [84.8737812627271, 27.82653934704473], [84.87295579112526, 27.8262539111783], [84.87213926768902, 27.82593416750626], [84.87192170847766, 27.82591459982632], [84.87106995268857, 27.825830031312364], [84.8702229727329, 27.825713570901257], [84.86935429076527, 27.82555992745364], [84.86849397674968, 27.825372738138014], [84.8676436690842, 27.82515235944919], [84.86680498708228, 27.824899211086688], [84.86600708582648, 27.82462390419522], [84.8656641137938, 27.824490514596334], [84.86539442583029, 27.82457099954962], [84.86456266713441, 27.82478460306828], [84.86372141758545, 27.824966477684484], [84.86287220797317, 27.82511629244061], [84.8619610903774, 27.825240251049877], [84.8609361052342, 27.82535859013666], [84.8602850316692, 27.825424274878742], [84.85963191217951, 27.825471241517846], [84.85897742755247, 27.825499441098145], [84.85844384765704, 27.8255070991691], [84.85822228470732, 27.82555809036313], [84.85541919957427, 27.826151164204703], [84.85424531838129, 27.82636716921718], [84.85349448573834, 27.82647204297149], [84.852739762385, 27.8265518523217], [84.85198220673425, 27.826606485344826], [84.85122288117662, 27.826635865423782], [84.85021512478096, 27.826658059032354], [84.84971256000006, 27.82666359120583], [84.8492640715782, 27.82665488971884], [84.84865769585133, 27.827372251661814], [84.84798173036506, 27.82812886159371], [84.84736087855157, 27.828756685520034], [84.8463604186025, 27.829722311946], [84.84591200507703, 27.830141423622024], [84.84544871097916, 27.830547544084766], [84.8449710121863, 27.83094025604231], [84.84447939939332, 27.83131915597545], [84.8438110332421, 27.831796805955094], [84.8428441716282, 27.832458371251334], [84.84230545712427, 27.832814522251738], [84.84175378716338, 27.83315464171841], [84.84118976514799, 27.833478357566833], [84.84061400801033, 27.833785315654552], [84.83988718638346, 27.834141018076025], [84.83914461841545, 27.8344700200862], [84.83837312893252, 27.83479450781215], [84.83751268554431, 27.835134919121572], [84.83663540370605, 27.835439485108452], [84.83601252346125, 27.835630933253242], [84.835382979075, 27.83580430530577], [84.83474743424614, 27.835959418481252], [84.83410655900957, 27.836096109243783], [84.83160829586137, 27.836590947836953], [84.83071922384107, 27.836748602461455], [84.82984373973261, 27.836868407249767], [84.82896320868025, 27.836954145447805], [84.82807930764113, 27.837005653768585], [84.82719372000008, 27.837022834115373], [84.82661874657117, 27.837015594013167], [84.82559249709612, 27.83698973980779], [84.82485128093901, 27.836959003014613], [84.82411182399875, 27.836904205372605], [84.82337511450123, 27.83682542011377], [84.8226421369946, 27.836722752528033], [84.82197127483113, 27.836607198715114], [84.82130516882717, 27.836471637854117], [84.82016928759276, 27.836222508495723], [84.81912020511322, 27.83596570828348], [84.81808811230076, 27.835659304566548], [84.81737284094254, 27.835414142440186], [84.816668494532, 27.835145146932177], [84.81597607766253, 27.83485270173435], [84.81544114184743, 27.834604342052387], [84.81471810198832, 27.834822565276966], [84.81386771895944, 27.835042943671397], [84.81300732869181, 27.83523013273674], [84.81213856972852, 27.83538377597938], [84.81126309657446, 27.83550358079026], [84.81038257653944, 27.835589319004498], [84.80949868656012, 27.835640827335055], [84.80861311000012, 27.83565800768497], [84.80804779695575, 27.835651008697653], [84.80752567073313, 27.83563807659425], [84.80678201722566, 27.83560751649935], [84.80604012467029, 27.83555273683089], [84.80530099106454, 27.835473811278575], [84.80456561068968, 27.83537084601278], [84.80380152709432, 27.835237577766577], [84.80304375623479, 27.835078357525276], [84.8022934132573, 27.834893419604157], [84.80155160236103, 27.834683036164392], [84.80129135689128, 27.8346004833582], [84.80119493332842, 27.8345775944008], [84.80080614493903, 27.834477192987777], [84.80034528806902, 27.834354428883273], [84.80015284563001, 27.834298905012076], [84.7995062514122, 27.83410231840446], [84.7986807225941, 27.833816882837027], [84.7978699897564, 27.833499703332336], [84.7970755967396, 27.833151383929305], [84.79629905622522, 27.832772587964087], [84.7957122654999, 27.83245756705304], [84.79554239477261, 27.832363084307133], [84.79540648404321, 27.83228362813003], [84.79531177087932, 27.832270644003188], [84.79428116022848, 27.832084474548594], [84.7937495762788, 27.831975627657982], [84.79356176571275, 27.832017528301776], [84.7927410704284, 27.832168910204928], [84.79133877041647, 27.832400827299693], [84.79115167430155, 27.832430963589786], [84.79027622484426, 27.832550768449664], [84.78939572864311, 27.83263650669869], [84.78851186258919, 27.832688015050223], [84.78762631000006, 27.8327051954073], [84.78677193632285, 27.832689204066753], [84.7859190771884, 27.83264125839247], [84.78512667759196, 27.832581798752983], [84.78421500523302, 27.832494911699655], [84.78330867761974, 27.832371513743112], [84.78242526092367, 27.832214971370604], [84.78155052813224, 27.832023740313844], [84.78066440517551, 27.831811370279922], [84.7803886720668, 27.83178699201983], [84.77959161393676, 27.831688021243338], [84.7793477333085, 27.831653342505092], [84.77889236048372, 27.831973090060615], [84.77786994964754, 27.832648118231077], [84.77691242406286, 27.833243073608116], [84.77591797826727, 27.833788075648044], [84.77546111161365, 27.83401566958588], [84.77482411642671, 27.83432346358734], [84.77415432156039, 27.83463290295981], [84.77347204600454, 27.834919990796493], [84.77277823326358, 27.835184330052755], [84.77207384281945, 27.83542555514265], [84.77123507990433, 27.83567870313658], [84.77038469020152, 27.83589908150492], [84.76952429318123, 27.836086270548208], [84.7686555273994, 27.8362399137726], [84.76788320323584, 27.836347404786693], [84.76710679527889, 27.83642838137888], [84.76632745517571, 27.836482723436347], [84.76554633892846, 27.83651035035342], [84.76394859493035, 27.836539475091797], [84.76353255999999, 27.836543265369926], [84.76264697625282, 27.836526085021944], [84.76176307909986, 27.836474576697583], [84.76088255191888, 27.83638883849403], [84.76000707165957, 27.836269033697704], [84.75888678132264, 27.836064320036428], [84.75778124146319, 27.835803842940493], [84.75679787915425, 27.835545582638986], [84.75560555176475, 27.835196455707546], [84.75478001466735, 27.834911020183256], [84.75396927369894, 27.83459384072654], [84.75317487271593, 27.83424552137643], [84.75239832441434, 27.833866725468738], [84.75152982331645, 27.833394683827237], [84.75068903836745, 27.832884530015974], [84.75058198067353, 27.832816010894533], [84.7499512290949, 27.83248440627699], [84.7492430350635, 27.83209442617226], [84.74855343947075, 27.831678942736517], [84.74788360369178, 27.831238655829168], [84.74723465577642, 27.83077430708107], [84.74656878054822, 27.83025505906636], [84.74611852630102, 27.829867884621308], [84.74608765630325, 27.82984551404445], [84.74548834841443, 27.8294781401695], [84.74487318049586, 27.82906968604459], [84.74427583094348, 27.828640841410447], [84.74351747640839, 27.828045758980352], [84.74279341345016, 27.827417829786214], [84.7421962370027, 27.826873467960354], [84.74167597128968, 27.8263811000964], [84.74117680130843, 27.82587176547071], [84.74062250647546, 27.825257603201408], [84.74009887846302, 27.82462252830385], [84.73960691377522, 27.823967750027975], [84.73914754857441, 27.823294515119073], [84.73872165690187, 27.82260410544245], [84.7385667455273, 27.822324720767938], [84.73847370963222, 27.8223209817848], [84.73781845444205, 27.8222851969972], [84.73716484400092, 27.82223059045657], [84.73651356222217, 27.822157219300834], [84.73586529057906, 27.822065160302543], [84.73499663765062, 27.821911516777448], [84.73413635239388, 27.82172432736769], [84.73328607315187, 27.82150394856751], [84.73244741918387, 27.82125080007745], [84.73162198757854, 27.82096536400212], [84.73081135020743, 27.820648183932917], [84.73001705072897, 27.820299863909213], [84.72924060164581, 27.81992106726841], [84.72913650343611, 27.819867255554243], [84.72840533981491, 27.819489389497733], [84.72815143069289, 27.819617715500215], [84.7273571361776, 27.819966035556718], [84.72654650387193, 27.82028321565599], [84.72572107742457, 27.820568651758094], [84.72488242869775, 27.820821800272142], [84.7240321547697, 27.821042179093126], [84.72317187488932, 27.82122936852045], [84.72230322738977, 27.821383012060153], [84.72142786656258, 27.82150281710267], [84.72054745950368, 27.821588555482435], [84.71966368293386, 27.82164006391247], [84.71901802164604, 27.821652591493205], [84.71888916105024, 27.821732350772947], [84.71827434847802, 27.82208435611443], [84.71786499298366, 27.822309557258563], [84.71733486667529, 27.822591371180124], [84.71655839859932, 27.82297016768075], [84.71576407969053, 27.823318487575307], [84.71495342248835, 27.82363566752747], [84.71412797068939, 27.82392110349707], [84.71347491952832, 27.824121337241877], [84.71281458121928, 27.824301697702992], [84.7117663586638, 27.824570729741424], [84.71072065244545, 27.824812498826873], [84.70966195436068, 27.825004452728535], [84.70895947244094, 27.825103343839658], [84.70777348217922, 27.825251407687233], [84.70707087894817, 27.825328038737382], [84.70636569692533, 27.825382841885528], [84.70565879396037, 27.825415750464003], [84.7055165658557, 27.825417955730018], [84.70420159972366, 27.825676397863617], [84.70334557094935, 27.82582755060764], [84.70306629049298, 27.825869553882455], [84.70137936418593, 27.82611249913714], [84.70062895994391, 27.826253383914775], [84.69928580273728, 27.826651305828136], [84.6985734974063, 27.82684946548659], [84.69785347762985, 27.82702420941365], [84.6971267170901, 27.82717530129628], [84.69639419859874, 27.8273025368066], [84.69540176499055, 27.827435733343975], [84.69536374005321, 27.827439138170234], [84.69521154834916, 27.827484175494874], [84.69459627990375, 27.827649511238178], [84.69343079544495, 27.827929354932564], [84.69238668501413, 27.828121679712467], [84.69182985227667, 27.828484725920305], [84.69109343904353, 27.828922254458348], [84.69039106257276, 27.829301232742125], [84.6903394041779, 27.829334861360223], [84.69009782528377, 27.829529039608133], [84.6894071079899, 27.8300219691954], [84.68869285603381, 27.83048764158849], [84.6879564292858, 27.83092517000449], [84.68719922989533, 27.83133372124547], [84.68642269962055, 27.831712517286405], [84.68562831707965, 27.8320608367589], [84.6849571744932, 27.832323408487696], [84.68468637188192, 27.832724909143906], [84.684319300288, 27.833230161459937], [84.68394471284108, 27.833727372823944], [84.68361706671789, 27.83417952427766], [84.68376395132367, 27.83505934086645], [84.68386668487778, 27.836042594557057], [84.68393775811381, 27.837009424689256], [84.68410639475019, 27.838382793775793], [84.68419619218332, 27.839359038865894], [84.68422627607976, 27.840338176647947], [84.68422189501342, 27.84071608105546], [84.68420387841752, 27.841486843635778], [84.6841727239563, 27.842179247277045], [84.68411168917925, 27.842870077344855], [84.68402086350233, 27.84355831535902], [84.6839003802686, 27.844242946641145], [84.68379541936713, 27.84473284968533], [84.68370653678426, 27.84511862227879], [84.68354355205184, 27.845765356245067], [84.68335396051526, 27.846406334644655], [84.68313801741328, 27.84704069297885], [84.68289601354053, 27.847667575662967], [84.68248767142944, 27.848586201444107], [84.6820233924679, 27.849483593379432], [84.6816847095426, 27.850093657332934], [84.68138284404876, 27.8506158190674], [84.68105374825672, 27.851124952635587], [84.68102641950043, 27.851170369998954], [84.68086240755719, 27.851735252550156], [84.68055266069734, 27.852641370176457], [84.68008106869172, 27.85390109493278], [84.67989614727242, 27.854373129289797], [84.6795701781324, 27.85511777199622], [84.67902943320337, 27.85627644429087], [84.67881799538304, 27.856713148418862], [84.67838948176342, 27.857567035066836], [84.67793491201519, 27.85841304732918], [84.67743151662194, 27.859236936413424], [84.67699512025592, 27.85987782835383], [84.6765291695225, 27.86050207157365], [84.6760344669051, 27.861108590303957], [84.67551186447838, 27.861696339303478], [84.67494481261991, 27.86230755264762], [84.67483460277901, 27.862425322655383], [84.67432584657098, 27.862943900222263], [84.6737952149694, 27.86344486551974], [84.67324347908789, 27.863927490268964], [84.67267144075299, 27.864391072844683], [84.67180790606443, 27.865064535316435], [84.67146842028467, 27.865323466942073], [84.6707774762657, 27.865816394067338], [84.67006298984222, 27.866282064137465], [84.66932632133131, 27.86671959037386], [84.66856887334365, 27.867128139581837], [84.66779208811067, 27.867506933739833], [84.66770848735098, 27.867543578641175], [84.66733634483768, 27.868146604333504], [84.66700496264349, 27.868638624574032], [84.66665615597657, 27.869121040018513], [84.66629027681779, 27.869593363547267], [84.66590769440154, 27.87005511822406], [84.66545423745077, 27.870584580481022], [84.6648528434884, 27.871253247476943], [84.66426869382786, 27.87184532389631], [84.66365603180202, 27.87241419097063], [84.66301602361091, 27.87295876546301], [84.66234988758225, 27.873478010379017], [84.661658891853, 27.873970936943124], [84.66094435195373, 27.874436606483926], [84.66020762830294, 27.874874132223454], [84.65945012361658, 27.875282680968155], [84.65873200301235, 27.875634196975568], [84.65799849779665, 27.87595966767168], [84.65585728949179, 27.876862220593296], [84.65579945593339, 27.87688513752937], [84.65573768850493, 27.876912209894385], [84.65523729945437, 27.877107895811093], [84.65498764504218, 27.87720682304922], [84.65495805436206, 27.87721709950341], [84.65492663271311, 27.877229387490388], [84.65410077503344, 27.877514821341492], [84.65339731400485, 27.8777294972694], [84.6533219687729, 27.877749781627756], [84.65326168815085, 27.877767967860905], [84.65306921623045, 27.877817827382216], [84.65268547628983, 27.877921137416365], [84.65252931137024, 27.877957688811648], [84.65241096997954, 27.877988344946175], [84.65223259211024, 27.87802713784663], [84.65196621696998, 27.878089484646694], [84.65171961233784, 27.878138698620944], [84.6516098189233, 27.878162576050386], [84.65118160896316, 27.878789830504104], [84.65068939702337, 27.87944460371432], [84.65016550580935, 27.88007967370737], [84.64961093232552, 27.880693831241615], [84.64902673205194, 27.88128590687586], [84.64841401693707, 27.881854773196835], [84.64777395328201, 27.882399346969407], [84.64710775952034, 27.88291859119994], [84.64659550005348, 27.883288173184326], [84.64644514958184, 27.8833896267854], [84.64622857977707, 27.883953221163836], [84.64591464478156, 27.88467183487802], [84.64556645613834, 27.88537788052429], [84.64518464852256, 27.88607006979271], [84.64476991799393, 27.886747139633428], [84.64427205217726, 27.887520132246436], [84.64423493370379, 27.887577517979935], [84.64377529776829, 27.888250746769813], [84.64328304308822, 27.888905519105208], [84.64275910637696, 27.889540588251066], [84.64220448472526, 27.890154744967674], [84.64168535821261, 27.890683355636668], [84.64114349626317, 27.89119363871953], [84.6405797176186, 27.891684822897616], [84.6399948741838, 27.8921561657113], [84.6394946592489, 27.892543823364463], [84.63920094095761, 27.892767111187197], [84.6385098228244, 27.8932600364235], [84.63779515634138, 27.893725704711414], [84.63705830216833, 27.894163229275364], [84.63630066326988, 27.8945717769235], [84.63593055702256, 27.894757102061533], [84.63488287087318, 27.89526895522863], [84.63413653193635, 27.895615869180062], [84.6316304818564, 27.89672251084852], [84.63059702543177, 27.897147191929037], [84.62953840192381, 27.89751975196873], [84.62881722881804, 27.897739466329597], [84.62808728102993, 27.897934979712318], [84.6273495871805, 27.898106016595307], [84.62660518682242, 27.89825233594837], [84.62532738762354, 27.89848123255615], [84.62484054499436, 27.898562963013035], [84.62396456394953, 27.898682766778336], [84.62308353308953, 27.8987685042444], [84.6221991303255, 27.898820012125555], [84.62131304000013, 27.898837192325914], [84.6205466479737, 27.898824341765817], [84.61894742343509, 27.89877068301763], [84.61825384077838, 27.89873684683613], [84.61756196635469, 27.89868195956751], [84.61687260953613, 27.898606085419487], [84.61618657674552, 27.898509313151635], [84.61531731422434, 27.898355671249362], [84.61445642526036, 27.898168483817585], [84.61360554934856, 27.897948107347815], [84.61276630688707, 27.89769496153616], [84.6121024166394, 27.89746847368275], [84.61120984188096, 27.89714792519794], [84.61055772037236, 27.896901885701595], [84.60991565576728, 27.89663578904259], [84.60928442935818, 27.89634995904862], [84.60866480923056, 27.896044743559287], [84.60790716007773, 27.895636195994996], [84.60717029593235, 27.895198671520916], [84.60645561977788, 27.894733003328554], [84.60576449229268, 27.894240078193718], [84.60530612095835, 27.893870538160456], [84.60419496933378, 27.8940702346099], [84.60382970224589, 27.89411997804359], [84.60369422013025, 27.89420718356712], [84.60299503638555, 27.894619208284382], [84.60227729373094, 27.895005225933517], [84.60163612935708, 27.895320609621933], [84.60098257377888, 27.895615236481206], [84.59988880901102, 27.896086455651016], [84.59894210238167, 27.896468043047378], [84.59797465634927, 27.896806093730447], [84.59713542074377, 27.897059239573252], [84.59628455178341, 27.897279616070193], [84.59542366985289, 27.89746680352488], [84.59455441443362, 27.897620445445966], [84.59370869913153, 27.89773668894253], [84.59285822207653, 27.897821177902017], [84.59205913123628, 27.89788544834471], [84.59114448936208, 27.897940553692536], [84.59022798000012, 27.897958934626104], [84.58934189682816, 27.897941754423755], [84.58845750120383, 27.897890246536406], [84.5875764774562, 27.89780450906005], [84.58670050348303, 27.8976847052802], [84.5858312475504, 27.897531063360418], [84.58497036511125, 27.897343875907325], [84.5841194956484, 27.897123499412317], [84.58328025954734, 27.89687035357167], [84.58245425500718, 27.896584920486305], [84.58164305499264, 27.896267743741873], [84.58084820423551, 27.895919427373087], [84.5800712162897, 27.895540634710756], [84.57947367787932, 27.895221797984846], [84.5788888068443, 27.89488493272421], [84.57870195284238, 27.894769031654107], [84.57857457717449, 27.894719227435075], [84.57777973772795, 27.894370910991256], [84.57700276083801, 27.89399211824741], [84.57692911582421, 27.893954151179912], [84.57603591141759, 27.893491435974738], [84.57529815831737, 27.893090304303712], [84.57458029959434, 27.89266162851891], [84.57388363707855, 27.892206186159683], [84.57320943410724, 27.89172480330558], [84.57231588673625, 27.89101760074152], [84.57196580018393, 27.89072363542209], [84.57173243675743, 27.890607305977653], [84.57078050583681, 27.890087357357174], [84.56956633930025, 27.889382551123163], [84.56884589836369, 27.888944423695648], [84.56814731778218, 27.888479191148065], [84.56704703242002, 27.88771306280296], [84.56651814112922, 27.88733190223246], [84.56580824793576, 27.886776988465954], [84.56512819499613, 27.886193318926075], [84.56304688089836, 27.88432178441508], [84.56247790630539, 27.883788872485525], [84.56193381437123, 27.88323582686911], [84.56142466884603, 27.882674104884643], [84.56094119390627, 27.88209475350567], [84.56050445494128, 27.881548931937687], [84.55996651100583, 27.880841785744167], [84.55946680251259, 27.880112828105382], [84.5590406890621, 27.879422423984806], [84.55864887729257, 27.878716159776843], [84.55829211252944, 27.87799538018652], [84.55797107332779, 27.87726145752839], [84.55770952477343, 27.876580655184625], [84.55753903947823, 27.876071335430993], [84.55746381615535, 27.876066953474492], [84.55658296903641, 27.875981215739557], [84.55570717067724, 27.87586141159835], [84.55483808900874, 27.8757077692149], [84.55397737915138, 27.87552058119678], [84.55312668025834, 27.875300204036137], [84.55228761239005, 27.875047057430436], [84.55146177342408, 27.874761623481618], [84.55065073600963, 27.874444445777044], [84.54985604456846, 27.874096128352733], [84.54907921235036, 27.87371733454148], [84.54832171854969, 27.873308785707934], [84.54758500548542, 27.872871259873023], [84.54687047585315, 27.872405590230585], [84.54617949005177, 27.871912663558703], [84.54563421937303, 27.871489190917714], [84.54551403420987, 27.87139261126572], [84.54510580556575, 27.871049387539642], [84.54487257300536, 27.870849763378374], [84.54451815918958, 27.87054623924189], [84.543784460594, 27.869881103077432], [84.54309036218365, 27.869183211036386], [84.54253584727161, 27.868569052507382], [84.54201201138193, 27.867933981484043], [84.54151985141402, 27.867279207209606], [84.5410603039009, 27.866605976422363], [84.54063740725661, 27.865913397335532], [84.5405951869028, 27.865845160753793], [84.54029996610444, 27.86541542803684], [84.53971043133129, 27.864439677828216], [84.53918936080197, 27.863433626692824], [84.53864141266496, 27.86228404364732], [84.53825652977105, 27.861414542596435], [84.53818548384669, 27.861238134364953], [84.5377796215941, 27.860213628948827], [84.53751908014311, 27.85951018825699], [84.53729123250065, 27.85879783961701], [84.5370964617232, 27.858077782637963], [84.53693509514358, 27.857351229885808], [84.53675708967882, 27.856258432668653], [84.53665461063076, 27.855158005623707], [84.53657739536015, 27.853839034502187], [84.5365499648534, 27.852898265858755], [84.5365776241407, 27.851959565629556], [84.53660284098123, 27.851530589731567], [84.53585862618121, 27.85143184157971], [84.53533029385972, 27.851355394804898], [84.53467295714557, 27.851242393858342], [84.53448471099199, 27.851204269636355], [84.53425017003059, 27.851251520744256], [84.53328838834909, 27.851423674628677], [84.53243453075822, 27.851540923706693], [84.53157583294421, 27.8516257764731], [84.53071385032649, 27.851678079228464], [84.52985014428327, 27.85169773723311], [84.52943624494162, 27.851699325442326], [84.52897402314335, 27.851727313285835], [84.52828453076728, 27.85175860196057], [84.52759423999998, 27.851769035541167], [84.5264349871589, 27.85173959441056], [84.52489256612688, 27.851661172913737], [84.5229963969104, 27.851563128227895], [84.52181905232271, 27.85147161450294], [84.52064969502516, 27.851319364897677], [84.52000780779576, 27.85120924989326], [84.51934712552844, 27.851086070264103], [84.51864278886461, 27.850943074928523], [84.51794462348931, 27.850777895368537], [84.51725351367139, 27.85059074079959], [84.51657033473026, 27.85038184826925], [84.51574468267654, 27.850096413345057], [84.51493382881671, 27.849779234555854], [84.5141393172226, 27.849430915939422], [84.51336266080114, 27.84905212083038], [84.51260533841128, 27.84864357059564], [84.51186879204533, 27.848206043258244], [84.51115442408087, 27.84774037201464], [84.51046359460923, 27.847247443645756], [84.51028732975868, 27.847114422167124], [84.50815813971008, 27.845488911418386], [84.5075411682601, 27.844998093336926], [84.50694722813051, 27.84448532178351], [84.50637730702232, 27.843951449760993], [84.50583235264025, 27.843397365360772], [84.50580318399392, 27.84336638771083], [84.50523465017233, 27.84276121456935], [84.50468873256608, 27.84215399150054], [84.50417274191909, 27.841526434541265], [84.5036876351254, 27.840879708115438], [84.5032343117258, 27.840215012195245], [84.50280835407563, 27.839524604172425], [84.50241668553645, 27.83881833596496], [84.50215571342568, 27.838290892589555], [84.50186826918019, 27.838348738778734], [84.50091184109363, 27.83851983789583], [84.5000567917732, 27.838637239725813], [84.49919689053286, 27.83872214704735], [84.49833369967683, 27.83877440559769], [84.4974687874946, 27.838793920431385], [84.49680120711179, 27.838796330823584], [84.49671881000006, 27.838796479476628], [84.49565827400664, 27.838771836378726], [84.49460063515511, 27.838697974404397], [84.49373567447958, 27.83861730134754], [84.49303032243438, 27.838540394447136], [84.49269365963596, 27.838493001871598], [84.49264950891677, 27.83850336828101], [84.49188402213349, 27.838669041118578], [84.49111187879862, 27.838808184774848], [84.48979281138708, 27.839022279049402], [84.48967228795686, 27.839041506551155], [84.48879678544353, 27.83916131130161], [84.48791623588, 27.839247049472476], [84.48703231625876, 27.839298557776942], [84.48614671000001, 27.839315738118387], [84.4860212974196, 27.839313388701385], [84.48558553958145, 27.839487284439713], [84.48490571908269, 27.839745456387902], [84.48421577287161, 27.839981453911776], [84.48363735137195, 27.840159893962266], [84.48255445987598, 27.840477773087798], [84.4816565632633, 27.84072102722797], [84.480746974319, 27.84092712484818], [84.47949876385337, 27.841182775393918], [84.47846657320787, 27.841369250550656], [84.4776977361941, 27.841476312452926], [84.47692484708159, 27.84155710122468], [84.47623652756852, 27.841617181524896], [84.4750734339425, 27.84177697867443], [84.47403639666669, 27.84189523279224], [84.47300263649572, 27.84198912589568], [84.47085994625377, 27.842260987277086], [84.46974113145052, 27.842374883869866], [84.46861693198844, 27.842433457428854], [84.4668727539514, 27.84248122519989], [84.46624774000009, 27.842489779816276], [84.46536210796569, 27.842472599482335], [84.4644781626177, 27.842421091200436], [84.46359758742568, 27.84233535306703], [84.46272205943126, 27.842215548369154], [84.4615989022787, 27.842010248333168], [84.46049057977223, 27.841748905493716], [84.46001863147507, 27.841624836129483], [84.4588316846262, 27.841277140717807], [84.45800610150752, 27.84099170543368], [84.45719531534468, 27.84067452624447], [84.45640087008007, 27.840326207188014], [84.45562427849421, 27.839947411600065], [84.45520831530496, 27.83972299428035], [84.45500938024458, 27.83979485506927], [84.45431128620419, 27.84003379378288], [84.45367516376433, 27.840229086877855], [84.45303210728105, 27.840405528965277], [84.4523828236043, 27.840562926091877], [84.45172802643884, 27.840701105239134], [84.45085655249977, 27.840871492322435], [84.45002149186843, 27.841018511454763], [84.44914597348446, 27.841138316172703], [84.44826540795816, 27.84122405432015], [84.44738147231311, 27.841275562610576], [84.44649585000002, 27.84129274294719], [84.44541036823102, 27.841266927263405], [84.44432799284795, 27.841189554089397], [84.44347905487342, 27.841108500973178], [84.44279860753835, 27.841033178871726], [84.4421214107515, 27.84093747166372], [84.44125260755163, 27.840783828538974], [84.44039217347444, 27.840596639617218], [84.43954174714685, 27.84037626139201], [84.43870294810881, 27.840123113562584], [84.43787737372537, 27.839837678232982], [84.43706659614088, 27.839520498992954], [84.43627215928132, 27.839172179880904], [84.43549557591126, 27.83879338423219], [84.43477318770795, 27.838404536209964], [84.43406962112806, 27.837989316186963], [84.4335970278849, 27.83769763719613], [84.43284778672921, 27.837212302245064], [84.43212425725483, 27.836697065061117], [84.43157841782306, 27.836274864128598], [84.43104985278029, 27.83583563962435], [84.43058519714987, 27.835435487209168], [84.43038382300284, 27.835285600490693], [84.4297086842368, 27.834759470251754], [84.42906890019293, 27.834214892847967], [84.42845645271689, 27.83364602272752], [84.42787250760045, 27.83305394313294], [84.4274155636744, 27.83255172738643], [84.42697913249322, 27.832035295836988], [84.4266693051419, 27.831654674001413], [84.42642979012663, 27.831360450546413], [84.42578179896617, 27.83108320105225], [84.42483730795772, 27.830646358005936], [84.42405529953544, 27.83026502368267], [84.4232506469084, 27.82982950516009], [84.42246959418475, 27.82936126588413], [84.4214772275717, 27.82873607290321], [84.42081051372719, 27.828297575795943], [84.42016450728863, 27.827835233044993], [84.41949864998907, 27.82731598481712], [84.41885890957104, 27.82677140684632], [84.41824650385291, 27.82620253613277], [84.41766259854694, 27.825610455919673], [84.41723697543773, 27.825143827389354], [84.41673989729378, 27.824579920813164], [84.41630780616913, 27.824071493922872], [84.4158961771833, 27.82354982122621], [84.41550552334706, 27.823015553254834], [84.41513633149327, 27.822469356236695], [84.41473463984727, 27.821820156797287], [84.41436326329574, 27.821156844675045], [84.41402282736561, 27.82048053811019], [84.41371390538944, 27.819792377228453], [84.41340474484355, 27.819060375388688], [84.4133322497467, 27.818886003006753], [84.41304769868134, 27.818140328378547], [84.41280000520567, 27.817384327539912], [84.41258964011337, 27.816619439777583], [84.41241700310502, 27.81584712126744], [84.41239700504349, 27.81574445270917], [84.41232488209232, 27.81536771243833], [84.41222307484827, 27.81477693133627], [84.41214332552948, 27.8141834768507], [84.41211366678704, 27.81387688337975], [84.41203700103807, 27.813618472720464], [84.41188601023475, 27.81303054152113], [84.41175719721224, 27.812438453022537], [84.41171190331295, 27.812200538885804], [84.41130286335533, 27.80996106057347], [84.41116341309476, 27.809052109977642], [84.41094468393766, 27.80729372860094], [84.41086922464655, 27.80654449441124], [84.41082894355645, 27.805793114903963], [84.41074817106607, 27.803112903324404], [84.41074088788719, 27.802626459016267], [84.41074826666727, 27.802142814452907], [84.41078545576227, 27.800913984216606], [84.41071656180742, 27.800365791511865], [84.41052153094853, 27.799674538434488], [84.4103577039566, 27.799046555580333], [84.41021920389625, 27.798413770242462], [84.41010998458358, 27.797800945523136], [84.41002451942774, 27.797185144272248], [84.40982988763045, 27.79555230635151], [84.40974502225936, 27.79460094766904], [84.40971682597228, 27.79364692957995], [84.40972132735061, 27.79326979538621], [84.40978234540415, 27.790693864297168], [84.4098255994104, 27.789836555341424], [84.40991462807375, 27.788982043979672], [84.41005206862621, 27.787934593748957], [84.41022417157251, 27.786889575115026], [84.41045442064069, 27.78589400952984], [84.41074731705373, 27.784911549722494], [84.41142292745371, 27.782878243438404], [84.41181587124396, 27.78181753648289], [84.4120640619496, 27.781242103026443], [84.41233419609665, 27.78067454151096], [84.41262595838782, 27.780115513675923], [84.41293900832522, 27.77956567130093], [84.41481668272309, 27.77640277137317], [84.41518901938753, 27.77580337842494], [84.41564958847329, 27.775128589794804], [84.41665722910449, 27.77372251263182], [84.41702294560548, 27.7732301254988], [84.41740656177029, 27.7727486355501], [84.41780766733166, 27.772278557435527], [84.41822583334516, 27.77182039360082], [84.41880961336341, 27.7712284376629], [84.41942186039927, 27.770659692300626], [84.42006140896962, 27.770115239788538], [84.42072704169453, 27.769596116158596], [84.42093485048963, 27.76944312750112], [84.42101534755017, 27.769384662283414], [84.42130808554492, 27.76899665719759], [84.42193806934142, 27.76820815495006], [84.42261463424381, 27.767450806425018], [84.4231761051305, 27.766880513891806], [84.42376399816999, 27.76633169525826], [84.42449171922408, 27.76568028985946], [84.42515357091025, 27.765114060244116], [84.42584354028946, 27.764575046241816], [84.42603001571285, 27.764441943656323], [84.42585486721822, 27.763907096837556], [84.4256446047246, 27.763142203220696], [84.42547205184928, 27.762369878786956], [84.42533753628703, 27.761591593839], [84.42524131330083, 27.76080882999605], [84.42522866204075, 27.760620908044814], [84.42383993221432, 27.76057286689297], [84.423152957659, 27.76053870688338], [84.42246768087563, 27.760483841234816], [84.42178489039401, 27.760408333079738], [84.42110537187915, 27.760312269302517], [84.42043972208893, 27.760197605291978], [84.4197787525897, 27.76006321605979], [84.41855284830973, 27.759794703772172], [84.41749973033558, 27.759537093354766], [84.4164637281387, 27.759229432794427], [84.41555211915357, 27.758911852374183], [84.4146587994822, 27.7585555141207], [84.41333762786422, 27.757994051954654], [84.41263050467205, 27.757678326240637], [84.41193776165227, 27.75733830984251], [84.41118107471908, 27.756929754404496], [84.41044514633916, 27.75649222148826], [84.40973137771238, 27.756026544299914], [84.40904112778816, 27.755533609629765], [84.40837571067595, 27.75501435616286], [84.40773639314375, 27.754469772689617], [84.40712439220403, 27.75390089621942], [84.40654087279916, 27.75330881000525], [84.40598694558179, 27.752694641478172], [84.40546366480328, 27.75205956009887], [84.40497202630769, 27.751404775128435], [84.40451296563731, 27.750731533323744], [84.40408735625545, 27.7500411165621], [84.40369600788591, 27.749334839398443], [84.40333966497536, 27.74861404656042], [84.40301900527959, 27.74788011038669], [84.40273463857869, 27.747134428212348], [84.40248710551992, 27.746378419707867], [84.40227687659433, 27.745613524173564], [84.40210435124561, 27.74484119779987], [84.40196985711657, 27.74406291089298], [84.40187364943063, 27.74328014507563], [84.40181591051157, 27.742494390465822], [84.40179674944363, 27.74170714283906]]]}}]}